;ITEM;TIPO;DISTRITO;INEP;UNIDADE ESCOLAR;ENDEREÇO;BAIRRO;CEP;lat;lon
0;2;EMTP;I;23263296;ESCOLA MUNICIPAL AGOSTINHO MOREIRA E SILVA;RUA PERI, 20;BARRA DO CEARÁ;60331270;-3.7005495922345384;-38.585680979495365
1;3;EMTP;I;23264144;ESCOLA MUNICIPAL ALDEIDES REGIS;RUA IRINEU DE SOUSA, 183;ÁLVARO WEYNE;60337180;-3.711434745490327;-38.56739243944363
2;4;EMTP;I;23215267;ESCOLA MUNICIPAL ANTONIO CORREIA LIMA;RUA HERMES PARAÍBA, 934;VILA VELHA;60347155;-3.712537196613064;-38.592089868038464
3;5;EMTP;I;23184221;ESCOLA MUNICIPAL ANTONIO MENDES;RUA DONA MENDINHA, 682;CRISTO REDENTOR;60337385;-3.708643507373806;-38.570029266255666
4;6;EMTP;I;23066520;ESCOLA MUNICIPAL CASIMIRO JOSE DE LIMA FILHO;AV. FRANCISCO SÁ, 6449;BARRA DO CEARÁ;60330875;-3.7093398286675376;-38.58206524515304
5;8;EMTP;I;23271507;ESCOLA MUNICIPAL DOIS DE DEZEMBRO;RUA ARAQUÉM, 860;BARRA DO CEARÁ;60331120;-3.7090944786492863;-38.58034346756004
6;9;EMTP;I;23255668;ESCOLA MUNICIPAL DOM ANTONIO BATISTA DE FRAGOSO;AV. FRANCISCO SÁ, 7945;BARRA DO CEARÁ;60330875;-3.704860207803578;-38.589649372436014
7;10;EMTP;I;23234300;ESCOLA MUNICIPAL DOM HELDER CAMARA;RUA FREI ODILON, 623B;FLORESTA;60336190;-3.7247832520891433;-38.57247731111701
8;12;EMTP;I;23257873;ESCOLA MUNICIPAL FRANCISCO EDILSON PINHEIRO;RUA N, 35;VILA VELHA;60349160;-3.7185106723595007;-38.60302368236085
9;13;EMTP;I;23071168;ESCOLA MUNICIPAL FRANCISCO SILVA CAVALCANTE;AV. CONSELHEIRO LAFAYETTE, 205;FLORESTA;60340192;-3.7185762208349304;-38.579767961089985
10;14;EMTP;I;23234318;ESCOLA MUNICIPAL HERONDINA LIMA CAVALCANTE;AV. AMBIENTALISTA ARY THERS, 310;VILA VELHA;60348100;-3.7158511960748104;-38.598011781737874
11;15;EMTP;I;23071028;ESCOLA MUNICIPAL HILBERTO SILVA;AV. PRESIDENTE CASTELO BRANCO, 2973;CARLITO PAMPLONA;60312060;-3.712239469025537;-38.555623352332574
12;16;EMTP;I;23256036;ESCOLA MUNICIPAL JADER DE FIGUEIREDO CORREIA;RUA TOCANDIRA, 61;BARRA DO CEARÁ;60330155;-3.7058598109701966;-38.589720323293506
13;17;EMTP;I;23255749;ESCOLA MUNICIPAL JESUS CRISTO;RUA ALBERTO FERREIRA, 564;JARDIM IRACEMA;60341140;-3.721937265655771;-38.583417598309836
14;18;EMTP;I;23072270;ESCOLA MUNICIPAL JOSE DE ALENCAR;RUA ALBERTO FERREIRA, 248;JARDIM IRACEMA;60341140;-3.7197200741424528;-38.58335821376504
15;19;EMTP;I;23263326;ESCOLA MUNICIPAL LORHAN MARQUES MEDEIROS;RUA CREUZA ROCHA, 255;JARDIM GUANABARA;60346352;-3.7219336010974544;-38.59102219464952
16;20;EMTP;I;23255641;ESCOLA MUNICIPAL MANOEL RODRIGUES;RUA MARIA CLARA, 1237;JARDIM GUANABARA;60346218;-3.7248247156993464;-38.59154083330122
17;21;EMTP;I;23255854;ESCOLA MUNICIPAL MARIA DALVA SEVERINO MARREIRO;RUA RIO PARAGUAI, 782;JARDIM IRACEMA;60341270;-3.7253005737278646;-38.5844129165463
18;22;EMTP;I;23257881;ESCOLA MUNICIPAL MARIA MARIZA MENDES DE CARVALHO;RUA RAIMUNDO CUNHA, 1174;VILA VELHA;60345151;-3.719944971526035;-38.60611377740163
19;23;EMTP;I;23190787;ESCOLA MUNICIPAL MARIA ROSELI LIMA MESQUITA;RUA FRANCISCO CALAÇA, 1791;ÁLVARO WEYNE;60336045;-3.717155560437788;-38.573816026222694
20;24;EMTP;I;23074876;ESCOLA MUNICIPAL MOURA BRASIL;RUA PADRE MORORÓ, 189;MOURA BRASIL;60010100;-3.7185079637552287;-38.53509804444458
21;25;EMTP;I;23255889;ESCOLA MUNICIPAL NOSSA SENHORA DO PERPETUO SOCORRO;RUA CÔNSUL GOUVEIA, 57;ÁLVARO WEYNE;60335390;-3.716869741157048;-38.56177579664564
22;26;EMTP;I;23272716;ESCOLA MUNICIPAL PATATIVA DO ASSARE;RUA FREI TEOBALDO, 646;ÁLVARO WEYNE;60335220;-3.715268112068156;-38.56212527160052
23;27;EMTP;I;23072504;ESCOLA MUNICIPAL PROFESSOR JOSE PARSIFAL BARROSO;RUA MAJOR ASSIS, 1076;JARDIM GUANABARA;60346372;-3.7232862672258973;-38.58870484180508
24;28;EMTP;I;23072520;ESCOLA MUNICIPAL PROFESSOR JOSE REBOUCAS MACAMBIRA;RUA CIDADE DE CARIÚS, 200;JARDIM GUANABARA;60346271;-3.7219336010974544;-38.59102219464952
25;29;EMTP;I;23076682;ESCOLA MUNICIPAL QUINTINO CUNHA;RUA MARIA CLARA, 1263;JARDIM GUANABARA;60346218;-3.724692601722691;-38.59186076654263
26;30;EMTP;I;23255960;ESCOLA MUNICIPAL RACHEL DE QUEIROZ;AV. PRESIDENTE CASTELO BRANCO, 5010;BARRA DO CEARÁ;60334100;-3.7049338745422897;-38.57649147363473
27;31;EMTP;I;23255951;ESCOLA MUNICIPAL RAIMUNDO DE SOUSA MANGUEIRA;RUA ALBERTO FERREIRA, 624;JARDIM IRACEMA;60341140;-3.7228514721631516;-38.583498307271796
28;33;EMTP;I;23069198;ESCOLA MUNICIPAL SANTA TEREZA;AV. MONSENHOR HÉLIO CAMPOS, 92;CRISTO REDENTOR;60336800;-3.7059930972719335;-38.5633882235148
29;34;EMTP;I;23067756;ESCOLA MUNICIPAL SAO CURA DARS;RUA SANTA ELISA, 722;CRISTO REDENTOR;60311020;-3.7061268612783183;-38.55949314245276
30;39;EMTI;I;23529989;ESCOLA MUNICIPAL DE TEMPO INTEGRAL ALDEMIR MARTINS;AV. FRANCISCO SÁ, 7460;BARRA DO CEARÁ;60330878;-3.706229151242512;-38.58519205692135
31;40;EMTI;I;23271493;ESCOLA MUNICIPAL DE TEMPO INTEGRAL NOSSA SENHORA DE FATIMA;RUA SILVIO ROMERO, 370;FLORESTA;60336100;-3.71918868611927;-38.57451035219179
32;42;EMTP;I;23064870;ESCOLA MUNICIPAL ALBA FROTA;AV. DOM MANUEL, 914;CENTRO;60060090;-3.731957598161701;-38.52265676202283
33;43;EMTP;I;23245379;ESCOLA MUNICIPAL NOSSA SENHORA APARECIDA;RUA TERESA CRISTINA, 112;CENTRO;60015140;-3.721528015932297;-38.53546730064979
34;44;EMTP;I;23269170;ESCOLA MUNICIPAL SAO RAFAEL;RUA DOS TABAJARAS, 244;PRAIA DE IRACEMA;60060510;-3.7193318418664885;-38.517800268008884
35;45;EMTP;I;23259418;ESCOLA MUNICIPAL 11 DE AGOSTO;AV. CORONEL CARVALHO, 3121;JARDIM IRACEMA;60341641;-3.7303546390613347;-38.58449798696847
36;47;CEI;I;_;CEI AGOSTINHO MOREIRA E SILVA;RUA PERI, 20;BARRA DO CEARÁ;60331270;-3.7005495922345384;-38.585680979495365
37;50;CEI;I;_;CEI DOIS DE DEZEMBRO;RUA ARAQUÉM, 860;BARRA DO CEARÁ;60331120;-3.7090944786492863;-38.58034346756004
38;51;CEI;I;_;CEI DOM HELDER CAMARA;RUA FREI ODILON, 623;FLORESTA;60336190;-3.7247832520891433;-38.57247731111701
39;53;CEI;I;_;CEI MARIA MARIZA MENDES DE CARVALHO;RUA RAIMUNDO CUNHA, 1174;VILA VELHA;60345151;-3.719944971526035;-38.60611377740163
40;55;CEI;I;_;CEI MOURA BRASIL;RUA ADARIAS DE LIMA, 378;MOURA BRASIL;60010130;-3.719610383479232;-38.53509215374065
41;57;CEI;I;_;CEI PROFESSOR JOSE REBOUCAS MACAMBIRA;RUA CARIÚS, 200;JARDIM GUANABARA;60346271;-3.7219336010974544;-38.59102219464952
42;59;CEI;I;_;CEI JESUS CRISTO;RUA ALBERTO FERREIRA, 564;JARDIM IRACEMA;60341140;-3.721937265655771;-38.583417598309836
43;65;CEI;I;_;CEI NOSSA SENHORA APARECIDA;RUA TERESA CRISTINA, 112;CENTRO;60015140;-3.721528015932297;-38.53546730064979
44;66;CEI;I;_;CEI SAO RAFAEL;RUA DOS TABAJARAS, 480;PRAIA DE IRACEMA;60060510;-3.7197299115427427;-38.51553081296965
45;67;CEI;I;_;CEI 11 DE AGOSTO;RUA ALBERTO FERREIRA, 1790;JARDIM IRACEMA;60341140;-3.7305348999871324;-38.584223595809036
46;68;CRP;I;_;CRECHE AMADEU BARROS LEAL;AV. FILOMENO GOMES, 110;JACARECANGA;60010280;-3.7240074227367486;-38.54235076774286
47;69;CRP;I;_;CRECHE ANJOS DE DEUS;RUA DONA MENDINHA, 191;CRISTO REDENTOR;60337385;-3.7044569415504878;-38.568661869684995
48;71;CRP;I;_;CRECHE VOVO TONICO;RUA DR. HUGO ROCHA, 212;ÁLVARO WEYNE;60335770;-3.7142578766449623;-38.571514674703636
49;72;CRP;I;_;CRECHE VOVO IOLETE;RUA IRINEU DE SOUSA, 197;ÁLVARO WEYNE;60337180;-3.711319753232821;-38.567558372117
50;73;CRP;I;_;CRECHE CONSTRUINDO O FUTURO;RUA OTÁVIO PARANHOS, 35;JARDIM IRACEMA;60341515;-3.718095573018583;-38.5854927917101
51;77;CRP;I;_;CRECHE UNIVERSO INFANTIL;RUA CARLOS WALRAVEN, 367;JARDIM GUANABARA;60346672;-3.7201009231181907;-38.59219634917159
52;78;CRP;I;_;CRECHE TIA ARLETE;RUA SÃO ROQUE, 32;ÁLVARO WEYNE;60336060;-3.7160443632874935;-38.57103725228902
53;79;EMTP;II;23064994;ESCOLA MUNICIPAL ALMERINDA DE ALBUQUERQUE;RUA ANA GONÇALVES, 1105;TAUAPE;60130490;-3.758787767699824;-38.506119616695095
54;80;EMTP;II;23065052;ESCOLA MUNICIPAL ALVORADA;RUA ANGRA DOS REIS, 234;SAPIRANGA/COITÉ;60833046;-3.791977506861418;-38.4747189937388
55;81;EMTP;II;23067330;ESCOLA MUNICIPAL COLONIA Z-8;RUA MANUEL JESUINO, 370;MUCURIPE;60175270;-3.7288646609331764;-38.485404294540565
56;83;EMTP;II;23068302;ESCOLA MUNICIPAL ELEAZAR DE CARVALHO;RUA FRANCISCO ALVES PEREIRA, 349;CAIS DO PORTO;60180720;-3.722326503633166;-38.47572609873692
57;84;EMTP;II;23250275;ESCOLA MUNICIPAL FREI AGOSTINHO FERNANDES;AV. CÉSAR CALS, 2370;PRAIA DO FUTURO I;60182405;-3.7379741800267157;-38.456516978355616
58;85;EMTP;II;23186160;ESCOLA MUNICIPAL FREI TITO DE ALENCAR LIMA;AV. DIOGUINHO, 5925;PRAIA DO FUTURO II;60183709;-3.7651678014222933;-38.44064925872165
59;86;EMTP;II;23257369;ESCOLA MUNICIPAL GODOFREDO DE CASTRO FILHO;AV. JOSÉ SABÓIA, 905;CAIS DO PORTO;60180480;-3.717294325038121;-38.465746915644786
60;87;EMTP;II;23077611;ESCOLA MUNICIPAL IRMA SIMAS;RUA JOÃO MARIANO, 608;SAPIRANGA/COITÉ;60833052;-3.7907994300589967;-38.47555077322695
61;88;EMTP;II;23257482;ESCOLA MUNICIPAL JOSE CARLOS DE PINHO;RUA LUÍZA MIRANDA COELHO, 595;ENGENHEIRO LUCIANO CAVALCANTE;60811110;-3.7733652515182294;-38.4915624448239
62;89;EMTP;II;23072350;ESCOLA MUNICIPAL JOSE DIAS MACEDO;RUA NUNES VALENTE, 809;MEIRELES;60125070;-3.7316521081536935;-38.50203629887142
63;90;EMTP;II;23072512;ESCOLA MUNICIPAL JOSE RAMOS TORRES DE MELO;AV. DA ABOLIÇÃO, 3984;MUCURIPE;60165082;-3.725661535397333;-38.4838498621276
64;91;EMTP;II;23233729;ESCOLA MUNICIPAL LUIS ANGELO PEREIRA;RUA OSMUNDO CAVALCANTE DE OLIVEIRA, 90;VICENTE PINZÓN;60175552;-3.726495746647524;-38.47702093335481
65;92;EMTP;II;23270560;ESCOLA MUNICIPAL MARIA ALICE;RUA RAIMUNDO OLIVEIRA FILHO, 95;PAPICU;60175175;-3.7348276430737712;-38.48330392128173
66;94;EMTP;II;23257393;ESCOLA MUNICIPAL NOSSA SENHORA DO SAGRADO CORACAO EI/EF;RUA ANA GONÇALVES, 1;TAUAPE;60130490;-3.759547172317057;-38.51681126390457
67;95;EMTP;II;23250631;ESCOLA MUNICIPAL PROFESSOR ERNESTO GURGEL;RUA CORONEL OLEGÁRIO MEMÓRIA, 3105;SAPIRANGA/COITÉ;60833045;-3.7903495226291493;-38.466511969115466
68;96;EMTP;II;23070048;ESCOLA MUNICIPAL PROFESSOR FRANCISCO MAURICIO DE MATTOS DOURADO;RUA DES. FLORIANO BENEVIDES MAGALHÃES, 391;EDSON QUEIROZ;60811690;-3.7722215603324285;-38.479177118473146
69;97;EMTP;II;23187840;ESCOLA MUNICIPAL PROFESSOR LUIS COSTA;RUA JOSÉ GUILHERME DA COSTA, 156;ENGENHEIRO LUCIANO CAVALCANTE;60811300;-3.7696453917097705;-38.495898354305346
70;99;EMTP;II;23074779;ESCOLA MUNICIPAL PROFESSOR MONTEIRO DE MORAES;RUA EVILÁSIO ALMEIDA MIRANDA, 1608;SAPIRANGA/COITÉ;60833302;-3.7977813326139263;-38.46724194029444
71;101;EMTP;II;23064927;ESCOLA MUNICIPAL PROFESSORA ALDACI BARBOSA;RUA CORONEL OLEGÁRIO MEMÓRIA, 1257;SAPIRANGA/COITÉ;60833045;-3.791367332201689;-38.47652820716833
72;102;EMTP;II;23065958;ESCOLA MUNICIPAL PROFESSORA BELARMINA CAMPOS;RUA DOUTOR MANOEL RODRIQUES MONTEIRO, 840;VICENTE PINZÓN;60181805;-3.7252826331404667;-38.466546182703865
73;103;EMTP;II;23067462;ESCOLA MUNICIPAL PROFESSORA CONSUELO AMORA;AV. DOS JANGADEIROS, 577;VICENTE PINZÓN;60175440;-3.723910912419756;-38.47708414534344
74;104;EMTP;II;23256559;ESCOLA MUNICIPAL PROFESSORA JOSEFINA PARENTE DE ARAUJO;RUA PEDRO MAMEDE, 175;SABIAGUABA;60836075;-3.800594869680182;-38.44981050167263
75;106;EMTP;II;23264152;ESCOLA MUNICIPAL PROFESSORA MARIA ODNILRA CRUZ MOREIRA;AV. DAS ADENANTERAS, 800;MANUEL DIAS BRANCO;60190560;-3.7559366503195935;-38.46804463561597
76;107;EMTP;II;23257440;ESCOLA MUNICIPAL SAO VICENTE DE PAULO;AV.ZEZÉ DIOGO, 1247;CAIS DO PORTO;60180012;-3.718115244403382;-38.46402255915314
77;110;EMTI;II;23065028;ESCOLA MUNICIPAL DE TEMPO INTEGRAL PROFESSOR ALVARO COSTA;AV. VICENTE DE CASTRO, 6074;CAIS DO PORTO;60180410;-3.711815079280111;-38.471851723772794
78;112;EMTI;II;23264810;ESCOLA MUNICIPAL DE TEMPO INTEGRAL AMBIENTAL DRA. FRANCISCA DE ASSIS CANITO DA FROTA;RUA MONSENHOR SALAZAR, 2432;TAUAPE;60130371;-3.756179025635184;-38.50234637473793
79;114;CEI;II;_;CEI JOSE DIAS MACEDO;RUA JAGUARIBE, 77;ALDEOTA;60125020;-3.731867118013953;-38.50390164181792
80;115;CEI;II;_;CEI ALMERINDA DE ALBUQUERQUE;TRAV. LIBERTADORES, 57;TAUAPE;60130720;-3.761300579781105;-38.51371945377747
81;116;CEI;II;_;CEI DARCY RIBEIRO;RUA FAUSTO CABRAL, 357;VICENTE PINZÓN;60175415;-3.7329152691227954;-38.47838307096776
82;118;CEI;II;_;CEI FREI AGOSTINHO FERNANDES;AV. CÉSAR CALS, 2370;PRAIA DO FUTURO I;60182405;-3.7379741800267157;-38.456516978355616
83;119;CEI;II;_;CEI FREI TITO DE ALENCAR LIMA;AV. DIOGUINHO, 5925;PRAIA DO FUTURO II;60183709;-3.7651678014222933;-38.44064925872165
84;120;CEI;II;_;CEI GODOFREDO DE CASTRO FILHO;AV. JOSÉ SABÓIA, 905;CAIS DO PORTO;60180480;-3.717294325038121;-38.465746915644786
85;122;CEI;II;_;CEI MENINO MALUQUINHO;RUA DOUTOR JOSÉ LINO, 980;VARJOTA;60175426;-3.730884867118595;-38.48282155825481
86;126;CEI;II;_;CEI PROFESSORA ANTONIETA CALS;RUA JÚLIA VASCONCELOS, 67;TAUAPE;60120320;-3.755779109851462;-38.50621910961075
87;127;CEI;II;_;CEI PROFESSORA BELARMINA CAMPOS;RUA DOUTOR MANOEL RODRIGUES MONTEIRO, 840;VICENTE PINZÓN;60181805;-3.7252826331404667;-38.466546182703865
88;134;CEI;II;_;CEI MARIA DAS DORES BEZERRA DE CARVALHO;RUA MANUEL BERNARDO, 11;SAPIRANGA/COITÉ;60833601;-3.80375790332865;-38.461264551719715
89;137;CRP;II;_;CRECHE FILIPPO SMALDONE;RUA ADOLFO SIQUEIRA, 273;JOAQUIM TÁVORA;60135140;-3.743182811207082;-38.51835875413401
90;138;CRP;II;_;CRECHE SAO GABRIEL;RUA ANA GONÇALVES, 141;TAUAPE;60130490;-3.759987571377627;-38.515042125259384
91;139;CRP;II;_;CRECHE SONHO INFANTIL;RUA ESTRELA DO ORIENTE, 151;VICENTE PINZÓN;60181140;-3.727720526910456;-38.474695222169615
92;140;CRP;II;_;CRECHE VIDA VIDEIRA;RUA DR. ERNESTO MONTEIRO, 2990;SAPIRANGA/COITÉ;60833272;-3.799799146009665;-38.470444327052604
93;141;CRP;II;_;CRECHE SAMURA;RUA EUCLIDES ONOFRE DE SOUSA, 1500;SAPIRANGA/COITÉ;60833252;-3.7972938075103477;-38.46591466491946
94;143;CRP;II;_;CRECHE NOVIDADE DE VIDA;RUA DR. WALDEMAR DE ALCÂNTARA, 2535;SAPIRANGA/COITÉ;60833241;-3.7972869007956462;-38.46150587462425
95;144;CRP;II;_;CRECHE TIA KAROL;RUA FIRMO ANANIAS CARDOSO, 2540;SAPIRANGA/COITÉ;60833331;-3.797847017369301;-38.46550139965032
96;146;CAEE;II;23190710;INSTITUTO FILIPPO SMALDONE;RUA ADOLFO SIQUEIRA , 273;JOAQUIM TÁVORA;60135140;-3.743182811207082;-38.51835875413401
97;147;CAEE;II;23071311;INSTITUTO PESTALOZZI DO CEARÁ ESPECIAL;RUA BARÃO DE ARACATI , 696;MEIRELES;60115080;-3.7273616704134627;-38.51055145793367
98;148;CAEE;II;23074604;MINHA ESCOLA PROFISSIONALIZANTE;RUA ROGACIANO LEITE , 2001;ENGENHEIRO LUCIANO CAVALCANTE;60810475;-3.768303045848584;-38.49696288537523
99;149;CAEE;II;23076909;RECANTO PSICO-PEDAGÓGICO;RUA ARY BARROSO,55;PAPICU;60175705;-3.7387739199005585;-38.47477519552949
100;150;EMTP;III;23069937;ESCOLA MUNICIPAL FAUSTINO DE ALBUQUERQUE;RUA AMARO CAVALCANTE, 221;MONTE CASTELO;60326130;-3.7240787658928163;-38.554241584998664
101;151;EMTP;III;23068892;ESCOLA MUNICIPAL FREI LAURO SCHWARTE;RUA ANTONIO POMPEU, 2005;FARIAS BRITO;60015107;-3.7320386257618994;-38.54122967212611
102;152;EMTP;III;23070870;ESCOLA MUNICIPAL GUSTAVO BARROSO;RUA ERETIDES MARTINS, 26;SÃO GERARDO;60320350;-3.7327094061029094;-38.55789048136302
103;153;EMTP;III;23263334;ESCOLA MUNICIPAL LENIRA JUREMA DE MAGALHAES;RUA TEÓFILO GURGEL, 111;MONTE CASTELO;60325250;-3.7260745855903985;-38.54619337309538
104;155;EMTP;III;23069538;ESCOLA MUNICIPAL HONORIO BEZERRA;RUA CAPITÃO NESTOR GÓIS, 400;ELLERY;60320380;-3.7232154606154264;-38.5614639580349
105;156;EMTP;III;23257644;ESCOLA MUNICIPAL MARIA CARDOSO;RUA FRANCISQUINHA PORTELA, 1151;QUINTINO CUNHA;60351840;-3.7262121594855984;-38.59849274877241
106;158;EMTP;III;23067934;ESCOLA MUNICIPAL ADROALDO TEIXEIRA CASTELO EI/EF;RUA ALAGOAS, 2267;PICI;60440387;-3.755473100860173;-38.57542856090824
107;159;EMTP;III;23065397;ESCOLA MUNICIPAL ANTONIO SALES;RUA TAVARES IRACEMA, 675;RODOLFO TEÓFILO;60430070;-3.748437753460215;-38.55737171078477
108;161;EMTP;III;23546026;ESCOLA MUNICIPAL BERGSON GURJAO FARIAS;AV. SENADOR FERNANDES TÁVORA, 2500;DOM LUSTOSA;60526642;-3.756191260446121;-38.592153560772466
109;162;EMTP;III;23272732;ESCOLA MUNICIPAL DEPUTADO GERONCIO BEZERRA;TV. MANUEL NUNES, 42;ANTÔNIO BEZERRA;60356845;-3.736941855470259;-38.59132648944824
110;163;EMTP;III;23067977;ESCOLA MUNICIPAL DOLORES ALCANTARA;RUA AZEVEDO BARRETO, 33;AUTRAN NUNES;60527050;-3.749479834279919;-38.59244548533627
111;164;EMTP;III;23072555;ESCOLA MUNICIPAL DOM JOSE TUPINAMBA DA FROTA;RUA VIRIATO RIBEIRO, 1031;BELA VISTA;60442642;-3.7495683637618695;-38.5623101007593
112;166;EMTP;III;23070471;ESCOLA MUNICIPAL GABRIEL CAVALCANTE;QUADRA F, 167 (CONJUNTO PRESIDENTE CASTELO BRANCO);PRESIDENTE KENNEDY;60357250;-3.729418133854661;-38.57025045947228
113;168;EMTP;III;23270675;ESCOLA MUNICIPAL JOSE CARLOS DA COSTA RIBEIRO;RUA PIO SARAIVA, 335;QUINTINO CUNHA;60352470;-3.737172952023373;-38.59885042585005
114;169;EMTP;III;23245212;ESCOLA MUNICIPAL JOSE NAURI BRAGA;RUA LILIA ABREU, 231;PICI;60442525;-3.749755762024798;-38.56656012880854
115;170;EMTP;III;23073080;ESCOLA MUNICIPAL MONSENHOR LINHARES;RUA PROFESSOR LINO ENCARNAÇÃO, 1130;AMADEU FURTADO;60455515;-3.7453569322257394;-38.56009150550045
116;171;EMTP;III;23257237;ESCOLA MUNICIPAL MURILO SERPA;RUA MONSENHOR HIPÓLITO BRASIL, 1400;DOM LUSTOSA;60526055;-3.7559310720912333;-38.58392046345562
117;173;EMTP;III;23075120;ESCOLA MUNICIPAL NILSON HOLANDA;RUA VIRIATO RIBEIRO, 890;BELA VISTA;60442642;-3.7492049818001467;-38.56181425133712
118;174;EMTP;III;23068469;ESCOLA MUNICIPAL PADRE JOSEFINO CABRAL EI/EF;AV. SARGENTO HERMÍNIO, 5598;ANTÔNIO BEZERRA;60350484;-3.733783557592719;-38.5889958846603
119;175;EMTP;III;23072911;ESCOLA MUNICIPAL PRESIDENTE KENNEDY;AV. LINEU MACHADO, 811;JÓQUEI CLUBE;60520101;-3.7681565614211703;-38.57769990965096
120;176;EMTP;III;23188375;ESCOLA MUNICIPAL PROFESSOR CLODOALDO PINTO;RUA BANVARTH BEZERRA, 100;PADRE ANDRADE;60356400;-3.730949114571516;-38.58111345270394
121;178;EMTP;III;23263040;ESCOLA MUNICIPAL PROFESSOR GERARDO MILTON DE SA;RUA DOUTOR VALE COSTA, 668;ANTÔNIO BEZERRA;60360720;-3.7422309852271707;-38.589542463758136
122;179;EMTP;III;23072156;ESCOLA MUNICIPAL PROFESSOR JOSE SOBREIRA DE AMORIM;RUA ESTRADA DO PICI, 1083;HENRIQUE JORGE;60510206;-3.7649074140035164;-38.57893518173498
123;180;EMTP;III;23189681;ESCOLA MUNICIPAL PROFESSORA MARIA LIDUINA CORREA LEITE;RUA FERNÃO MAGALHÃES, 120;PICI;60440550;-3.749371617491025;-38.570353223304444
124;181;EMTP;III;23187778;ESCOLA MUNICIPAL SANTA MARIA;RUA CUIABÁ, 1465;HENRIQUE JORGE;60510182;-3.764735083497746;-38.58800934334935
125;182;EMTP;III;23257075;ESCOLA MUNICIPAL SAO CARLOS;TV. BRASIL, 120;QUINTINO CUNHA;60352480;-3.737172952023373;-38.59885042585005
126;183;EMTP;III;23256060;ESCOLA MUNICIPAL SAO JOSE;AV. DOUTOR THEBERGE, 2288;PRESIDENTE KENNEDY;60355000;-3.7246115077325643;-38.56888370309696
127;184;EMTP;III;23257750;ESCOLA MUNICIPAL SAO RAIMUNDO;RUA ALEXANDRÉ BARAÚNA, 1450;RODOLFO TEÓFILO;60430160;-3.745255551386585;-38.55426845531789
128;186;EMTI;III;23331615;ESCOLA MUNICIPAL DE TEMPO INTEGRAL PROFESSOR JOAQUIM FRANCISCO DE SOUSA FILHO;RUA JOAQUIM MARQUES, 13;PRESIDENTE KENNEDY;60356032;-3.730729421681222;-38.570563032138836
129;188;EMTP;III;23075856;ESCOLA MUNICIPAL PAULO SARASATE;RUA PEDRO MUNIZ, 250;DEMÓCRITO ROCHA;60440060;-3.764091921195178;-38.56312671307236
130;189;EMTP;III;23068167;ESCOLA MUNICIPAL EDILSON BRASIL SOAREZ;RUA 303D, 67;CONJUNTO CEARÁ II;60530570;-3.773645202304906;-38.61402597233143
131;191;EMTP;III;23233834;ESCOLA MUNICIPAL IRMA MARIA EVANETE;AV. D, 1015;GENIBAÚ;60533621;-3.7608608067882052;-38.60311161927986
132;192;EMTP;III;23257172;ESCOLA MUNICIPAL JOAO FREDERICO FERREIRA GOMES;RUA JOSÉ MENDONÇA, 1150;GENIBAÚ;60534090;-3.753776527810993;-38.601364017880265
133;193;EMTP;III;23264160;ESCOLA MUNICIPAL JOAO NUNES PINHEIRO;AV. F, 550;CONJUNTO CEARÁ I;60533644;-3.765700265640747;-38.60472940075627
134;194;EMTP;III;23257202;ESCOLA MUNICIPAL JOAO PAULO II;AV. C, 1381;CONJUNTO CEARÁ II;60533617;-3.770794889441721;-38.613700045173296
135;196;EMTP;III;23075015;ESCOLA MUNICIPAL MURILO AGUIAR;RUA 24 DE OUTUBRO, 655;GENIBAÚ;60534130;-3.754758837998482;-38.60279143138808
136;198;EMTP;III;23065125;ESCOLA MUNICIPAL PROFESSOR AMERICO BARREIRA;RUA RICARDO PONTES, 529;GENIBAÚ;60534020;-3.7627388870159515;-38.59991982943478
137;201;EMTI;III;23274930;ESCOLA MUNICIPAL DE TEMPO INTEGRAL PROFESSOR PRISCO BEZERRA;AV. F, 702;CONJUNTO CEARÁ I;60533644;-3.7671145558065384;-38.604770009573826
138;205;CEI;III;_;CEI ROCHA LIMA;RUA ERETIDES MARTINS, 977;SÃO GERARDO;60320350;-3.7290597155832685;-38.55807709677085
139;208;CEI;III;_;CEI JOSE CARLOS DA COSTA RIBEIRO;TV. BRASIL, 70;QUINTINO CUNHA;60352480;-3.737172952023373;-38.59885042585005
140;209;CEI;III;_;CEI MURILO SERPA;RUA MACEIÓ, 628;DOM LUSTOSA;60526175;-3.757677796344962;-38.587701598687595
141;211;CEI;III;_;CEI PROFESSOR CLODOALDO PINTO;RUA BARVARTH BEZERRA, 100;PADRE ANDRADE;60356400;-3.730949114571516;-38.58111345270394
142;212;CEI;III;_;CEI PROFESSOR JOSE SOBREIRA DE AMORIM;RUA ESTRADA DO PICI, 1083;HENRIQUE JORGE;60510206;-3.7649074140035164;-38.57893518173498
143;213;CEI;III;_;CEI SANTA MARIA;RUA CUIABÁ, 1465;HENRIQUE JORGE;60510182;-3.764735083497746;-38.58800934334935
144;215;CEI;III;_;CEI BERGSON GURJAO DE FARIAS;AV. SENADOR FERNANDES TÁVORA, 2500;DOM LUSTOSA;60526642;-3.756191260446121;-38.592153560772466
145;218;CEI;III;_;CEI PAULO SARASATE;RUA PEDRO MUNIZ, 250;DEMÓCRITO ROCHA;60440060;-3.764091921195178;-38.56312671307236
146;219;CEI;III;_;CEI MURILO AGUIAR;RUA 24 DE OUTUBRO, 1063;GENIBAÚ;60534130;-3.7560489136611976;-38.603221683205646
147;226;CRP;III;_;CRECHE FAVO DE MEL;RUA DOUTOR ALMEIDA FILHO, 326;MONTE CASTELO;60320510;-3.722191969617999;-38.55957225952772
148;228;CRP;III;_;CRECHE APRISCO;RUA MONSENHOR FURTADO, 759;RODOLFO TEÓFILO;60430355;-3.7459215830802988;-38.548667275487794
149;229;CRP;III;_;CRECHE CRIANCA FELIZ;RUA PIO SARAIVA, 168;QUINTINO CUNHA;60352470;-3.736092998700698;-38.599931581108265
150;230;CRP;III;_;CRECHE ESTRELA DA MANHA;RUA CUIABÁ, 2265;HENRIQUE JORGE;60510182;-3.7614664720784705;-38.59349207256635
151;231;CRP;III;_;CRECHE GERALDA BERTINI;AV. MISTER HULL, 5437;ANTÔNIO BEZERRA;60356675;-3.740542462411618;-38.59311765262333
152;232;CRP;III;_;CRECHE MARIA DA HORA;AV. CEL. DE MATOS DOURADO, 397;HENRIQUE JORGE;60521063;-3.7565577247346753;-38.58351851106554
153;233;CRP;III;_;CRECHE NOVA VIDA;AV. GONÇALVES DIAS, 449;RODOLFO TEÓFILO;60431145;-3.743443414580375;-38.5546197782189
154;234;CRP;III;_;CRECHE PEQUENA BIA;RUA BARÃO DE COTEGIPE, 522;AUTRAN NUNES;60526730;-3.75242552173889;-38.59749064567896
155;235;CRP;III;_;CRECHE TIA EURICE;RUA ARACAJÚ, 1863;JOÃO XXIII;60525580;-3.767663191953885;-38.591384080338784
156;236;CRP;III;_;CRECHE TIA MARIQUINHA;RUA LORENA, 220;PICI;60440540;-3.750458000068518;-38.570287942268834
157;237;CRP;III;_;CRECHE ESPACO DA SABEDORIA;RUA TOMÁS CAVALCANTE, 72;AUTRAN NUNES;60526550;-3.750076305286371;-38.59521256332467
158;238;CRP;III;_;CRECHE SEMEANDO O SABER;RUA MAJOR CELESTINO, 1040;ANTÔNIO BEZERRA;60361030;-3.745167270697834;-38.5955519906253
159;239;CRP;III;_;CRECHE IRMAOS FIRMO;RUA 1096, 34;CONJUNTO CEARÁ II;60533230;-3.7725481592838115;-38.61699913392541
160;241;CRP;III;_;CRECHE SEMENTE DA LIBERDADE;RUA MESTRE ANDRÉ, 155;GENIBAÚ;60534440;-3.7499072705702767;-38.60041711290383
161;244;CRP;III;_;CRECHE CONSTRUINDO O SABER;RUA DESEMBARGADOR FELISMINO, 219;AUTRAN NUNES;60526760;-3.7502895560422624;-38.597013691450776
162;245;CRP;III;_;CRECHE TIA NINÔ;RUA PROFESSOR VIRGÍLIO MORAIS, 851;AUTRAN NUNES;60526720;-3.7565040284180267;-38.59745239477084
163;246;CRP;III;_;CRECHE NOSSA SENHORA DO LIBANO;RUA PASTOR SAMUEL MUNGUBA, 1431;RODOLFO TEÓFILO;60430372;-3.75066386491629;-38.55170721672548
164;247;CRP;III;_;CRECHE AQUARELA;RUA DIOGO CORREIA, 684;JOÃO XXIII;60525580;-3.768293203385237;-38.591191601344086
165;248;CRP;III;_;CRECHE CASARAO DA CRIANCA;RUA CEL. JOAQUIM FRANKLIN, 733;ANTÔNIO BEZERRA;60361130;-3.7435181998114717;-38.59332629048477
166;249;EMTP;IV;23264209;ESCOLA MUNICIPAL ODILON GONZAGA BRAVEZA;AV. ALBERTO CRAVEIRO, 1480C;BOA VISTA/CASTELÃO;60861212;-3.7930622970302332;-38.518608346705804
167;250;EMTP;IV;23071818;ESCOLA MUNICIPAL PROFESSOR JOAO HIPOLYTO DE AZEVEDO E SA;RUA 03, 88 (CONJUNTO NAPOLEÃO VIANA);DIAS MACÊDO;60860490;-3.7886130350026392;-38.52734949636338
168;251;EMTP;IV;23073748;ESCOLA MUNICIPAL PROFESSORA MARIA STELLA COCHRANE SANTIAGO;RUA ANTÔNIO FARIAS, 121;BOA VISTA/CASTELÃO;60861118;-3.799662092300527;-38.52847078636462
169;253;EMTP;IV;23065621;ESCOLA MUNICIPAL ARI DE SA CAVALCANTE;AV. H, 430;PREFEITO JOSÉ WALTER;60750070;-3.840833709667137;-38.55933620870358
170;258;EMTP;IV;23257679;ESCOLA MUNICIPAL GEISA FIRMO GONCALVES;RUA ZULEICA PONTES, 1260;PLANALTO AYRTON SENNA;60760425;-3.83198641841906;-38.56614658386567
171;259;EMTP;IV;23262605;ESCOLA MUNICIPAL HAROLDO JORGE BRAUN VIEIRA;AV. LAURO VIEIRA CHAVES, 55;AEROPORTO;60422700;-3.773442555226794;-38.52794714391211
172;260;EMTP;IV;23244976;ESCOLA MUNICIPAL IRMA GIULIANA GALLI;RUA ANTONIO BOTELHO, 715;SERRINHA;60741110;-3.783957181363698;-38.54985809242519
173;261;EMTP;IV;23186950;ESCOLA MUNICIPAL MADRE TERESA DE CALCUTA;RUA GUILHERME MOREIRA, 75;FÁTIMA;60040490;-3.7497547418182156;-38.52201827175033
174;262;EMTP;IV;23073870;ESCOLA MUNICIPAL GENERAL MANOEL CORDEIRO NETO;RUA JORGE ACÚRCIO, 900;VILA UNIÃO;60410802;-3.768518844421721;-38.53329833831104
175;263;EMTP;IV;23198486;ESCOLA MUNICIPAL MARCOS VALENTIM PEREIRA DE SOUZA;RUA FREIRE ALEMÃO, 91;SERRINHA;60742110;-3.782104160439157;-38.5426218678066
176;265;EMTP;IV;23073772;ESCOLA MUNICIPAL MARIA ZELIA CORREIA DE SOUZA;RUA ANTÔNIO PEREIRA, 1495;PLANALTO AYRTON SENNA;60766295;-3.8311788984707804;-38.570767858429576
177;266;EMTP;IV;23257520;ESCOLA MUNICIPAL MINHA VIDA MEUS AMORES;AV. D, 380 (2ª ETAPA);PREFEITO JOSÉ WALTER;60750030;-3.83082877135127;-38.555694614185185
178;267;EMTP;IV;23234172;ESCOLA MUNICIPAL MONTEIRO LOBATO;RUA 83, 181;PREFEITO JOSÉ WALTER;60751050;-3.832502399709952;-38.559184665009916
179;268;EMTP;IV;23069368;ESCOLA MUNICIPAL MOZART PINTO;RUA JORGE DUMAR, 2078;JARDIM AMÉRICA;60410426;-3.7541035665111324;-38.54005168793441
180;270;EMTP;IV;23071990;ESCOLA MUNICIPAL PAPA JOAO XXIII;RUA TREZE DE ABRIL, 545;VILA UNIÃO;60411055;-3.763534506120374;-38.53412015532725
181;273;EMTP;IV;23235365;ESCOLA MUNICIPAL PROFESSORA VANIA MARIA NEVES FACO BARROS;RUA 16, 30;PREFEITO JOSÉ WALTER;60750300;-3.8236622271774063;-38.555735323480036
182;274;EMTP;IV;23075074;ESCOLA MUNICIPAL PROJETO NASCENTE;RUA BETEL, 1715;DENDÊ;60714612;-3.7943877201407963;-38.55410474323514
183;275;EMTP;IV;23076798;ESCOLA MUNICIPAL RACHEL DE QUEIROZ*;AV. C, 559;PREFEITO JOSÉ WALTER;60750020;-3.829298295275647;-38.55697909304015
184;276;EMTP;IV;23184779;ESCOLA MUNICIPAL RAIMUNDO SOARES DE SOUZA;RUA COSTA FREIRE, 550;VILA PERI;60730135;-3.786229510635175;-38.57946365055488
185;278;EMTP;IV;23257334;ESCOLA MUNICIPAL TEREZA D ANA;RUA CORONEL DE QUEIROZ, 750;PLANALTO AYRTON SENNA;60760510;-3.83359893233462;-38.56854294400993
186;279;EMTP;IV;23078030;ESCOLA MUNICIPAL THOMAZ POMPEU SOBRINHO;RUA JOSÉ MENELEU, 531;ITAPERI;60714040;-3.784807105243402;-38.56074121045284
187;280;EMTP;IV;23078413;ESCOLA MUNICIPAL VICENTE FIALHO;RUA IRMÃ BAZET, 193;MONTESE;60420670;-3.7606891767278525;-38.55522676752922
188;282;EMTP;IV;23078626;ESCOLA MUNICIPAL ZAIRA MONTEIRO GONDIM;RUA PEDRO AGUIAR, 315;ITAPERI;60714330;-3.7924847047768955;-38.54396786706672
189;283;EMTP;IV;23222964;ESCOLA MUNICIPAL HEITOR VILLA LOBOS;AV. NOVA FORTALEZA, 1635;PLANALTO AYRTON SENNA;60766680;-3.8380586296578456;-38.58062364508555
190;284;EMTP;IV;23080124;ESCOLA MUNICIPAL JORNALISTA DURVAL AIRES;RUA DO SOL, 522;PLANALTO AYRTON SENNA;60766160;-3.8352956260358724;-38.5779315860081
191;285;EMTP;IV;23213140;ESCOLA MUNICIPAL MARIA ROCHELLE DA SILVA;RUA DELMIRO JÚNIOR, 50;PLANALTO AYRTON SENNA;60766455;-3.838626662719374;-38.57840964143582
192;287;EMTI;IV;23324244;ESCOLA MUNICIPAL DE TEMPO INTEGRAL CAROLINO SUCUPIRA;RUA MUNDICA PAULA, 670;ITAOCA;60421410;-3.7726897564145925;-38.558624982278374
193;288;EMTI;IV;23259566;ESCOLA MUNICIPAL DE TEMPO INTEGRAL EDUCACAO BILINGUE FRANCISCO SUDERLAND BASTOS MOTA;AV. BERNARDO MANUEL, 9970A;DENDÊ;60761282;-3.805351995366915;-38.553789570513636
194;290;EMTI;IV;23070250;ESCOLA MUNICIPAL DE TEMPO INTEGRAL FILGUEIRAS LIMA;AV. DOS EXPEDICIONÁRIOS, 3910;JARDIM AMÉRICA;60410446;-3.7524544369824393;-38.53813471049483
195;292;EMTI;IV;23275006;ESCOLA MUNICIPAL DE TEMPO INTEGRAL LEONEL DE MOURA BRIZOLA;RUA CORONEL DE QUEIROZ, 671RUA CORONEL DE QUEIROZ, 750;PLANALTO AYRTON SENNA;60760510;-3.834046175983827;-38.56867673677947
196;293;EMTP;IV;23186909;ESCOLA MUNICIPAL ABDENAGO DA ROCHA LIMA;RUA 114, 75 (CONJUNTO TUPÃ MIRIM);PARQUE DOIS IRMÃOS;60744530;-3.8017092852086645;-38.54431669803825
197;294;EMTP;IV;23256850;ESCOLA MUNICIPAL ANDRE LUIS;AV. PRESIDENTE COSTA E SILVA, 5255;PASSARÉ;60862515;-3.827041077076938;-38.53303670060273
198;297;EMTP;IV;23233702;ESCOLA MUNICIPAL IMACULADA CONCEICAO;RUA 01, 10 (CONJUNTO JARDIM CASTELÃO);PASSARÉ;60862120;-3.8219786475205426;-38.533134277253325
199;299;EMTP;IV;23184558;ESCOLA MUNICIPAL MANUEL LIMA SOARES;RUA 130, 60 (CONJUNTO TUPÃ MIRIM);PARQUE DOIS IRMÃOS;60744640;-3.799122158147834;-38.54625347183833
200;300;EMTP;IV;23546999;ESCOLA MUNICIPAL PAULO SERGIO DE SOUSA LIRA;RUA ITABORAÍ, 264;PASSARÉ;60861830;-3.8124615266891575;-38.51809251559499
201;301;EMTP;IV;23325224;ESCOLA MUNICIPAL PROFESSORA MARIA JOSE MACARIO COELHO;RUA BANABUIÚ, 530;PARQUE DOIS IRMÃOS;60861431;-3.820294910208214;-38.54272108027419
202;303;EMTP;IV;23242710;ESCOLA MUNICIPAL SANTA TEREZINHA;AV. NORTE SUL, 145;PARQUE DOIS IRMÃOS;60744395;-3.798175159867191;-38.54729066051308
203;304;EMTP;IV;23273755;ESCOLA MUNICIPAL NELSON MANDELA;AV. C, 435;PREFEITO JOSÉ WALTER;60750020;-3.8293212327738186;-38.55568116142677
204;305;ANE;IV;_;ESCOLA MUNICIPAL DOM MANOEL DA SILVA GOMES - UND II;AV. AGUANAMBI, 2479;AEROPORTO;60415390;-3.7594507965574633;-38.5231514976017
205;306;ANE;IV;_;ESCOLA MUNICIPAL PROFESSORA VANIA MARIA NEVES FACO BARROS - UND II;RUA 65, 250;PREFEITO JOSÉ WALTER;60750790;-3.8303150741927845;-38.558603786728284
206;310;CEI;IV;_;CEI ODILON GONZAGA BRAVEZA;AV. ALBERTO CRAVEIRO, 1480B;BOA VISTA/CASTELÃO;60861212;-3.7930622970302332;-38.518608346705804
207;311;CEI;IV;_;CEI ODILON GONZAGA BRAVEZA - UND II;RUA MAESTRO NÉO MIRANDA, 220;BOA VISTA/CASTELÃO;60867530;-3.8008888113709585;-38.51801942509267
208;316;CEI;IV;_;CEI ALGODAO DOCE;RUA JOSÉ QUEIROZ PORTO, 25;PARANGABA;60740120;-3.7776952459751802;-38.55946793054865
209;317;CEI;IV;_;CEI ARI DE SA CAVALCANTE;RUA FRANCISCA MARIA DA CONCEIÇÃO, 241;PLANALTO AYRTON SENNA;60760310;-3.841534624548342;-38.56705836816685
210;319;CEI;IV;_;CEI FILGUEIRAS LIMA - UND II;TRAV. NOVA AURORA, 96;JARDIM AMÉRICA;60410470;-3.7508986159970696;-38.53782852589495
211;321;CEI;IV;_;CEI MARCOS VALENTIM PEREIRA DE SOUZA;RUA FREIRE ALEMÃO, 91;SERRINHA;60742110;-3.782104160439157;-38.5426218678066
212;324;CEI;IV;_;CEI MARIA ZELIA CORREIA DE SOUZA;RUA ANTÔNIO PEREIRA, 1495;PLANALTO AYRTON SENNA;60766295;-3.8311788984707804;-38.570767858429576
213;325;CEI;IV;_;CEI PADRE MARCELINO ZANELLA;RUA INGLATERRA, 222;ITAPERI;60714150;-3.7824248210835276;-38.561575102322614
214;327;CEI;IV;_;CEI PEDRO BOCA RICA;RUA D, 235 (LOT. PARQUE MONTENEGRO II);PREFEITO JOSÉ WALTER;60751265;-3.8390756534372663;-38.552007306833296
215;328;CEI;IV;_;CEI PROFESSOR JOSE VALDEVINO DE CARVALHO;AV. GODOFREDO MACIEL, 522;PARANGABA;60710000;-3.7807133994494824;-38.565568212414696
216;331;CEI;IV;_;CEI ROGACIANO LEITE;AV. J, 1488;PREFEITO JOSÉ WALTER;60750090;-3.83814008867419;-38.55814395208517
217;332;CEI;IV;_;CEI TEODORICO BARROSO;RUA HELVÉCIO MONTE, 751;VILA UNIÃO;60420040;-3.766428710611219;-38.53616409840238
218;333;CEI;IV;_;CEI VICENTE FIALHO;RUA IRMÃ BAZET, 193;MONTESE;60420670;-3.7606891767278525;-38.55522676752922
219;338;CEI;IV;_;CEI FRANCISCO ANDRADE TEOFILO GIRAO;RUA DOM ANTÔNIO LUSTOSA, 191;PASSARÉ;60862070;-3.8145367392179237;-38.52345989722914
220;340;CEI;IV;_;CEI MANUEL LIMA SOARES;RUA 130, 60 (CONJUNTO TUPÃ MIRIM);PARQUE DOIS IRMÃOS;60744640;-3.799122158147834;-38.54625347183833
221;347;CRP;IV;_;CRECHE RAINHA DA PAZ;RUA TORRES DE MELO, 689;DIAS MACÊDO;60860370;-3.7901219403740445;-38.5222956782298
222;348;CRP;IV;_;CRECHE RENASCER;AV. ALBERTO CRAVEIRO, 2222;BOA VISTA/CASTELÃO;60861212;-3.7963582172660075;-38.5232784180856
223;349;CRP;IV;_;CRECHE SEMENTE DO AMANHA;RUA CAPITÃO JOÃO FERREIRA, 954;DIAS MACÊDO;60860220;-3.7854557652842757;-38.52784077291515
224;351;CRP;IV;_;CRECHE PARAISO DA CRIANCA;RUA EINSTEIN, 6;VILA PERI;60730145;-3.7855962070475195;-38.57771993953182
225;352;CRP;IV;_;CRECHE VO ESTEFANIA;AV. E, 635;PREFEITO JOSÉ WALTER;60750040;-3.834079617108884;-38.55941028089896
226;355;CRP;IV;_;CRECHE GOTAS DE AMOR;RUA ANTÔNIO BOTELHO, 715;SERRINHA;60741110;-3.783957181363698;-38.54985809242519
227;356;CRP;IV;_;CRECHE NOVO AMANHECER;RUA CHICO MENDES, 110;PASSARÉ;60862330;-3.8139933832416646;-38.5278443507702
228;357;CRP;IV;_;CRECHE ANDRE LUIS;AV. PRESIDENTE COSTA E SILVA, 5255;PASSARÉ;60862515;-3.827041077076938;-38.53303670060273
229;359;CRP;IV;_;CRECHE NOSSO JARDIM;RUA JÚLIO CÉSAR, 1221;JARDIM AMÉRICA;60410505;-3.7535511901927694;-38.54576309094873
230;360;CRP;IV;_;CRECHE PLANETA DE CORES;RUA 48, 231;PREFEITO JOSÉ WALTER;60750620;-3.8310070749067466;-38.554642026319705
231;361;CRP;IV;_;CRECHE PEQUENOS PASSINHOS;RUA PEDRO DANTAS, 335;DIAS MACÊDO;60860150;-3.7864182978331415;-38.52072923089488
232;365;CRP;IV;_;CRECHE VILA DA CRIANÇA;RUA VICENTE PADILHA, 533;VILA UNIÃO;60410680;-3.766098651857749;-38.53761978610753
233;366;CRP;IV;_;CRECHE DOMINGOS SAVIO;RUA HELVÉCIO MONTE, 165;VILA UNIÃO;60420040;-3.768421111828883;-38.53106279294973
234;368;EMTP;V;23272740;ESCOLA MUNICIPAL 15 DE OUTUBRO;RUA GUARANI, 2030;BONSUCESSO;60520494;-3.774728101029561;-38.586397983821115
235;369;EMTP;V;23065311;ESCOLA MUNICIPAL ANTONIO DIOGO DE SIQUEIRA;RUA ANSELMO NOGUEIRA, 655;BONSUCESSO;60545360;-3.784127191590053;-38.58780405415294
236;370;EMTP;V;23272759;ESCOLA MUNICIPAL JOAO PAULO I;RUA LUÍS DE CASTRO, 254;BONSUCESSO;60520485;-3.7766284393518297;-38.57775832096958
237;371;EMTP;V;23244305;ESCOLA MUNICIPAL JOSE ALCIDES PINTO;RUA GUARANI, 2000;BONSUCESSO;60520494;-3.774334393179694;-38.58602721636912
238;372;EMTP;V;23212543;ESCOLA MUNICIPAL PROFESSOR LUIS RECAMONDE CAPELO;RUA MARIA QUINTELA, 706;BONSUCESSO;60520790;-3.7755522680594558;-38.58680655312719
239;373;EMTI;V;23234440;ESCOLA MUNICIPAL DE TEMPO INTEGRAL FRANCISCA FERNANDES MAGALHAES;RUA VITAL BRASIL, 1020;BONSUCESSO;60541705;-3.7799580217675466;-38.58969646844038
240;374;EMTI;V;23262613;ESCOLA MUNICIPAL DE TEMPO INTEGRAL MARIA DO SOCORRO ALVES CARNEIRO;AV. LUIZ VIEIRA, 1020;BONSUCESSO;60730230;-3.7881762306815823;-38.58935370364537
241;375;EMTP;V;23078766;ESCOLA MUNICIPAL CASIMIRO MONTENEGRO;AV. BERNARDO MANUEL,11360;MONDUBIM;60761740;-3.818767859539308;-38.55809534167341
242;379;EMTP;V;23234067;ESCOLA MUNICIPAL JONATHAN DA ROCHA ALCOFORADO;RUA MARIA GOMES DE SÁ, 1030;MONDUBIM;60765173;-3.825943817822854;-38.58087154825393
243;382;EMTP;V;23074086;ESCOLA MUNICIPAL MARIETA GUEDES MARTINS;AV. CÔNEGO DE CASTRO, 4701;NOVO MONDUBIM;60764205;-3.8067296664123083;-38.59306118797921
244;386;EMTP;V;23256990;ESCOLA MUNICIPAL ROSA AMARO CAVALCANTE;RUA ALFREDO MAMEDE, 1064;NOVO MONDUBIM;60763425;-3.811041039104959;-38.58455235273405
245;387;EMTP;V;23256656;ESCOLA MUNICIPAL SAGRADO CORACAO;RUA HOLANDA, 477;MARAPONGA;60711005;-3.7940659404689328;-38.5634906031699
246;389;EMTP;V;23263148;ESCOLA MUNICIPAL ALAIDE AUGUSTO DE OLIVEIRA;RUA SETEMBRINA, 525;CONJUNTO ESPERANÇA;60763646;-3.8115583016747046;-38.596439438830764
247;390;EMTP;V;23242469;ESCOLA MUNICIPAL CATARINA LIMA DA SILVA;RUA PEDRO MARTINS, 313;BOM JARDIM;60543305;-3.8001336281258755;-38.60096343556361
248;392;EMTP;V;23271540;ESCOLA MUNICIPAL CRESCER E APRENDER;RUA EDSON MARTINS, 642;BOM JARDIM;60543454;-3.7905603764403653;-38.59776607091492
249;393;EMTP;V;23067543;ESCOLA MUNICIPAL CREUSA DO CARMO ROCHA;RUA DUAS NAÇÕES, 1055;GRANJA PORTUGAL;60545242;-3.7815174309463604;-38.6029436543899
250;394;EMTP;V;23263113;ESCOLA MUNICIPAL DOUTOR SERVULO MENDES BARROSO;RUA JOSÉ MARTINS, 2159;GRANJA LISBOA;60540545;-3.7864430135885714;-38.61052830044161
251;395;EMTP;V;23214899;ESCOLA MUNICIPAL EDUCADOR PAULO FREIRE;RUA CORONEL FABRICIANO, 452;GRANJA PORTUGAL;60540835;-3.786541622688822;-38.59364117301685
252;396;EMTP;V;23256923;ESCOLA MUNICIPAL FLORIVAL ALVES SERAINE;RUA ITATIAIA, 1000;CANINDEZINHO;60731455;-3.8072735793046912;-38.60219437135333
253;397;EMTP;V;23227419;ESCOLA MUNICIPAL FRANCISCA DE ABREU LIMA;RUA HUMBERTO DE ALMEIDA, 535;CANINDEZINHO;60731415;-3.807273601247694;-38.59738700316846
254;398;EMTP;V;23070030;ESCOLA MUNICIPAL FRANCISCO EDMILSON PINHEIRO;AV. H, 2115;GRANJA LISBOA;60533667;-3.7772482828995164;-38.61738946528057
255;400;EMTP;V;23213736;ESCOLA MUNICIPAL HERBERT DE SOUZA;RUA URUCUTUBA, 1599;BOM JARDIM;60543315;-3.7971500953616832;-38.608005741717086
256;401;EMTP;V;23256966;ESCOLA MUNICIPAL IRMA ROCHA;RUA EMÍLIO DE MENEZES, 2515;GRANJA PORTUGAL;60541424;-3.7774393825403303;-38.601224378659914
257;402;EMTP;V;23071850;ESCOLA MUNICIPAL JOAO MENDES DE ANDRADE;RUA B, 1366 (CONJUNTO PALMARES);GRANJA LISBOA;60540258;-3.7890743310668946;-38.62962340011131
258;403;EMTP;V;23072016;ESCOLA MUNICIPAL JOAQUIM ALVES;RUA COSTA DO SOL, 1061;SIQUEIRA;60732180;-3.8176968850857658;-38.617233046999054
259;406;EMTP;V;23256699;ESCOLA MUNICIPAL MANOEL MALVEIRA MAIA;RUA DANDARA KETLEY, 2890;GRANJA LISBOA;60540122;-3.7907974998577356;-38.61952508643536
260;407;EMTP;V;23263121;ESCOLA MUNICIPAL MARIA DOLORES PETROLA DE MELO JORGE;RUA PAULINO ROCHA, 1000;GRANJA LISBOA;60540576;-3.781612888989251;-38.6244456679764
261;408;EMTP;V;23073764;ESCOLA MUNICIPAL MARIA VIVIANE BENEVIDES GOUVEIA;RUA CREUZA ROQUE, 247;MANOEL SÁTIRO;60713330;-3.800995294671315;-38.576850933184886
262;409;EMTP;V;23302615;ESCOLA MUNICIPAL NARCISO PESSOA DE ARAUJO;AV. GENERAL OSÓRIO DE PAIVA, 4841;CANINDEZINHO;60730243;-3.8017501305951233;-38.598713300259355
263;410;EMTP;V;23233877;ESCOLA MUNICIPAL NOELZINDA SATIRO SANTIAGO;RUA DOM XISTO ALBANO, 1298;PARQUE SÃO JOSÉ;60730165;-3.795369403200854;-38.584390811297425
264;414;EMTP;V;23244283;ESCOLA MUNICIPAL PROFESSOR JOSE CIRIO PEREIRA FILHO;RUA QUARTZO ROSA, 100;SIQUEIRA;60732498;-3.8053741351463017;-38.62306897704093
265;415;EMTP;V;23304812;ESCOLA MUNICIPAL PROFESSOR JOSE FERREIRA DE ALENCAR;RUA SÃO FRANCISCO, 557;BOM JARDIM;60545064;-3.798746094434331;-38.60184983142519
266;416;EMTP;V;23235080;ESCOLA MUNICIPAL PROFESSOR JOSE MARIA MOREIRA CAMPOS;RUA FRANCISCO DE ALMEIDA, 525;PARQUE SANTA ROSA;60762845;-3.819093475518163;-38.59168271093292
267;417;EMTP;V;23445645;ESCOLA MUNICIPAL PROFESSORA ANTONIA MARIA DE LIMA;RUA SARGENTO JOÃO PINHEIRO, 2601;GRANJA LISBOA;60540513;-3.7904669571129257;-38.62474481902811
268;418;EMTP;V;23073144;ESCOLA MUNICIPAL PROFESSORA LIREDA FACO;RUA TRÊS CORAÇÕES, 735;GRANJA LISBOA;60540441;-3.7882300388847385;-38.60979098390898
269;419;EMTP;V;23076720;ESCOLA MUNICIPAL RACHEL VIANA MARTINS;RUA TUCUNDUBA, 2703;GRANJA LISBOA;60540121;-3.7930821043371337;-38.625186253736096
270;420;EMTP;V;23256761;ESCOLA MUNICIPAL RAIMUNDO MOREIRA SENA;RUA G, 93;GRANJA LISBOA;60546160;-3.7965342735126453;-38.61358408278806
271;421;EMTP;V;23257342;ESCOLA MUNICIPAL REITOR ANTONIO MARTINS FILHO;RUA TEODORO DE CASTRO, 1175;GRANJA PORTUGAL;60541192;-3.781225492208903;-38.60156298645034
272;422;EMTP;V;23256915;ESCOLA MUNICIPAL SANTA ISABEL;AV. OSCAR ARARIPE, 741;BOM JARDIM;60543452;-3.7833160597420505;-38.625567719222104
273;423;EMTP;V;23272724;ESCOLA MUNICIPAL SANTOS DUMONT;RUA GERALDO BARBOSA, 240;BOM JARDIM;60543335;-3.7940828654864256;-38.5944366769885
274;424;EMTP;V;23077468;ESCOLA MUNICIPAL SEBASTIAO DE ABREU;RUA GERALDO BARBOSA, 1065;BOM JARDIM;60543332;-3.792350899592393;-38.601863207171725
275;425;EMTP;V;23257652;ESCOLA MUNICIPAL TOMAZ MUNIZ;RUA DOUTORA VANDA CIDADE, 185;SIQUEIRA;60736050;-3.8044345563577173;-38.60575332182899
276;426;EMTP;V;23256907;ESCOLA MUNICIPAL ULYSSES GUIMARAES;RUA TENENTE FRANCISCO PAIVA, 1350;GRANJA LISBOA;60540478;-3.7937929309227463;-38.61558871881816
277;427;EMTP;V;23206152;ESCOLA MUNICIPAL MARILENE LOPES RABELO;RUA JACARANDÁ, 460;PARQUE PRESIDENTE VARGAS;60765551;-3.8306229673688668;-38.5982524573302
278;428;EMTI;V;23065265;ESCOLA MUNICIPAL DE TEMPO INTEGRAL DOM ANTONIO DE ALMEIDA LUSTOSA;RUA GERALDO BARBOSA, 3901;GRANJA LISBOA;60540344;-3.78474410081151;-38.626648914857874
279;429;EMTI;V;23259558;ESCOLA MUNICIPAL DE TEMPO INTEGRAL PROFESSORA MARIA JOSE FERREIRA GOMES;RUA CÔNEGO DE CASTRO, 8617;PARQUE PRESIDENTE VARGAS;60765623;-3.8208778595668638;-38.60326069043406
280;430;EMTI;V;23264799;ESCOLA MUNICIPAL DE TEMPO INTEGRAL PROFESSOR ALEXANDRE RODRIGUES DE ALBUQUERQUE;RUA ALVES BEZERRA, 743;SIQUEIRA;60736130;-3.8053608886889396;-38.61200531838639
281;432;EMTI;V;23277408;ESCOLA MUNICIPAL DE TEMPO INTEGRAL PROFESSOR AGERSON TABOSA FILHO;RUA WILCA ALBUQUERQUE, 90;SIQUEIRA;60732545;-3.814306694441616;-38.61495107427047
282;434;ANE;V;_;ESCOLA MUNICIPAL ROSA AMARO CAVALCANTE  - UND II;RUA 01, 1169 (PARQUE SANTANA I);MONDUBIM;60767725;-3.814355246384469;-38.57853453626003
283;435;ANE;V;_;ESCOLA MUNICIPAL PROFESSORA LIREDA FACO - UND II;RUA JOÃO XXIII, 1454;GRANJA PORTUGAL;60540664;-3.7864956363516225;-38.60389972280153
284;436;ANE;V;_;ESCOLA MUNICIPAL IRMA ROCHA - UND II;RUA OLIVEIRA SOBRINHO, 2037;GRANJA PORTUGAL;60540732;-3.7793065483690365;-38.59949888027178
285;437;ANE;V;_;ESCOLA MUNICIPAL CRESCER E APRENDER- UND II;RUA MIRTES CORDEIRO, 700;GRANJA PORTUGAL;60543464;-3.789139830193353;-38.59788659808892
286;438;ANE;V;_;ESCOLA MUNICIPAL MARILENE LOPES RABELO - UND II;RUA MARTINS DE LIMA, 391;PARQUE PRESIDENTE VARGAS;60765725;-3.8306229673688668;-38.5982524573302
287;439;ANE;V;_;ESCOLA MUNICIPAL HENRIQUETA GALENO - UND II;RUA DOM XISTO ALBANO, 1852;PARQUE SÃO JOSÉ;60730225;-3.7990034189159103;-38.5877050556306
288;441;CEI;V;_;CEI ANTONIO DIOGO DE SIQUEIRA;RUA MANUEL ANTÔNIO LEITE, 703;BONSUCESSO;60545300;-3.776447597193104;-38.594416151962776
289;442;CEI;V;_;CEI 15 DE OUTUBRO;RUA MENINO JESUS DE PRAGA, 192;BONSUCESSO;60520600;-3.77392745210421;-38.584282153495344
290;449;CEI;V;_;CEI MARIA HERCILIA EVANGELISTA MARTINS;RUA 03, 300 (LOTEAMENTO PARQUE SANTANA I);MONDUBIM;60767630;-3.8133585615769316;-38.58053694503259
291;450;CEI;V;_;CEI PROFESSOR JACINTO BOTELHO;RUA CEL. MANOEL ALBANO, 288;MONDUBIM;60711465;-3.806533689503894;-38.56925480519689
292;455;CEI;V;_;CEI CHICO ANYSIO;RUA ALVES BEZERRA, 788;SIQUEIRA;60736130;-3.804560963573887;-38.61157076408595
293;458;CEI;V;_;CEI FRANCISCO EDMILSON PINHEIRO*;AV. H, 2115;GRANJA LISBOA;60533667;-3.7772482828995164;-38.61738946528057
294;461;CEI;V;_;CEI JORNALISTA DEMOCRITO DUMMAR;RUA JOSÉ DANTAS PEREIRA, 334;CANINDEZINHO;60734670;-3.8218879704623157;-38.60827320597538
295;462;CEI;V;_;CEI MANOEL MALVEIRA MAIA;RUA DANDARA KETLEY, 2890A;GRANJA LISBOA;60540122;-3.7907974998577356;-38.61952508643536
296;464;CEI;V;_;CEI ALAIDE AUGUSTO DE OLIVEIRA;RUA E, 187 (CONJUNTO IMPERIAL);CONJUNTO ESPERANÇA;60763664;-3.813658950427276;-38.59587961628976
297;465;CEI;V;_;CEI PADRE CICERO ROMAO BATISTA;RUA 106, 377;CONJUNTO ESPERANÇA;60763550;-3.814104301832842;-38.59126294018736
298;466;CEI;V;_;CEI PROFESSOR JOSE CIRIO PEREIRA FILHO;RUA RUBI, 100;SIQUEIRA;60732495;-3.805844409193077;-38.62271509591
299;467;CEI;V;_;CEI PROFESSORA LIREDA FACO;RUA TRÊS CORAÇÕES, 735;GRANJA LISBOA;60540441;-3.7882300388847385;-38.60979098390898
300;468;CEI;V;_;CEI RACHEL VIANA MARTINS;RUA TUCUNDUBA, 2703;GRANJA LISBOA;60540121;-3.7930821043371337;-38.625186253736096
301;475;CEI;V;_;CEI MARIA ROSA DE ALMEIDA;RUA SOUSA CARVALHO, 625;BONSUCESSO;60541646;-3.7834593696753935;-38.59009604006795
302;478;CRP;V;_;CRECHE CRIANÇA ESPERANÇA;RUA DIVINA, 130;SIQUEIRA;60736120;-3.8076052830996816;-38.60761753168978
303;479;CRP;V;_;CRECHE SONHO DE CRIANCA 1;RUA VIDAL DE NEGREIROS, 359;JARDIM CEARENSE;60712108;-3.799915476182696;-38.56468107081426
304;480;CRP;V;_;CRECHE PEQUENOS BRILHANTES;RUA OTÁVIO LIMA, 90;ARACAPÉ;60764545;-3.8277044409858396;-38.58842108526483
305;482;CRP;V;_;CRECHE FELIZ AMANHECER;RUA 106, 100;NOVO MONDUBIM;60764290;-3.808923119463909;-38.58773798729429
306;483;CRP;V;_;CRECHE CRIANCA FELIZ 2;RUA FRIÉZIO BARROSO, 820;MONDUBIM;60761570;-3.8122984754239484;-38.56172205339905
307;484;CRP;V;_;CRECHE ALEGRIA DE CRIANCA;RUA DR. RAIMUNDO MAIA, 433;MONDUBIM;60761520;-3.814818261729806;-38.56176806023429
308;485;CRP;V;_;CRECHE TIA LELEU;RUA FRIÉZIO BARROSO, 326;MONDUBIM;60761570;-3.813232925288958;-38.560526715683345
309;486;CRP;V;_;CRECHE TIA AUGUSTA;RUA AMÉRICO ROCHA LIMA, 587;MANOEL SÁTIRO;60713240;-3.7992566224510296;-38.580376523427354
310;487;CRP;V;_;CRECHE RAIO DE LUZ;RUA JOSÉ ABÍLIO, 976;GRANJA PORTUGAL;60541052;-3.783134810194923;-38.60041285584231
311;488;CRP;V;_;CRECHE DONA EULALIA UCHOA ALVES;RUA MATEUS LEMOS, 1190;GRANJA PORTUGAL;60540805;-3.784805601168185;-38.6022788625758
312;491;CRP;V;_;CRECHE JOSE ORDELIO MENDES ALVES;RUA COSTA FREIRE, 2472;PARQUE SÃO JOSÉ;60730255;-3.7993925434665536;-38.59098492137644
313;493;CRP;V;_;CRECHE NOVO MUNDO PIONEIRO;RUA PEREIRA BARBOSA, 1460;SIQUEIRA;60732382;-3.8020883684629787;-38.62847892570326
314;495;CRP;V;_;CRECHE VIDA NOVA;RUA VALDEMAR PAES, 1208;BOM JARDIM;60545055;-3.7953102538652206;-38.602643766645954
315;496;CRP;V;_;CRECHE ALIANCA;RUA MARIA DE JESUS, 10;SIQUEIRA;60731710;-3.8041975389064078;-38.60458468894981
316;497;CRP;V;_;CRECHE PROJETO JOAOZINHO;RUA BULGÁRIA, 822;MANOEL SÁTIRO;60713500;-3.7985118260527897;-38.579667828284435
317;498;CRP;V;_;CRECHE TIA MAZE;RUA AMÉRICO ROCHA LIMA, 776;MANOEL SÁTIRO;60713240;-3.798646679778356;-38.58220380816058
318;499;CRP;V;_;CRECHE SANTO ANTONIO II;RUA COMENDADOR GARCIA, 1823;PARQUE SÃO JOSÉ;60730235;-3.7987471487831934;-38.58794068863035
319;501;CRP;V;_;CRECHE PEQUENO GENIO;RUA NOVA CONQUISTA, 692;BOM JARDIM;60543355;-3.795573294008702;-38.60021504722163
320;502;CRP;V;_;CRECHE ENCANTOS DE CELESTE;RUA CARLOS CHAGAS, 2080;GRANJA PORTUGAL;60541555;-3.776053364972103;-38.598737567915826
321;503;CRP;V;_;CRECHE MEU MUNDO AZUL;RUA PROFESSOR CABRAL, 888;PARQUE SANTA ROSA;60762775;-3.821226757472546;-38.596417543900934
322;504;CRP;V;_;CRECHE MUNDO FELIZ;RUA FRANCISCO DOMINGOS, 1388;BONSUCESSO;60541575;-3.7772035832832898;-38.59219952577908
323;505;CRP;V;_;CRECHE MEU ANJO;RUA VEREADORA ZÉLIA CORREIA DE SOUSA, 897;MONDUBIM;60761515;-3.8128908493899356;-38.55766757430581
324;506;CRP;V;_;CRECHE TIO CAZUZA;RUA VICENTE CELESTINO, 1230;PARQUE PRESIDENTE VARGAS;60765640;-3.824345739388055;-38.597668161974184
325;508;CRP;V;_;CRECHE CORAÇÃO DE MARIA;RUA SÃO BASÍLIO, 979;PARQUE PRESIDENTE VARGAS;60762765;-3.8186766881328897;-38.600298507809235
326;509;CRP;V;_;CENTRO DE DESENVOLVIMENTO INTEGRADO DA VIDA;RUA XAVIER DA SILVEIRA, 2644;GRANJA LISBOA;60540215;-3.7916209684903763;-38.613906613526
327;510;CRP;V;_;CRECHE HOTELZINHO ESPAÇO DA CRIANÇA;RUA NOVA CONQUISTA, 406;BOM JARDIM;60543355;-3.796389345029723;-38.59796628437581
328;511;CRP;V;_;CRECHE TIA HELENA;RUA OSCAR FRANÇA, 2904;GRANJA LISBOA;60540374;-3.786191878214316;-38.616597512462796
329;512;CRP;V;_;CRECHE CORES E BRINCADEIRAS;AV. I, 897;GRANJA PORTUGAL;60541617;-3.773054913380257;-38.59773190247489
330;513;CRP;V;_;CRECHE MARCILIO AMORIM;RUA COMENDADOR GARCIA, 1817;PARQUE SÃO JOSÉ;60730235;-3.798684974170972;-38.58789073387764
331;514;CRP;V;_;CRECHE SEMENTE DO AMANHA II;RUA MONSENHOR AGOSTINHO, 1362;PARQUE SÃO JOSÉ;60730275;-3.793905416718869;-38.58880766150976
332;516;CRP;V;_;CRECHE TIO SERGIO;RUA 9, 42 (CONJ. SÍTIO CÓRREGO);MONDUBIM;60752100;-3.817024588103696;-38.57058252361134
333;517;EMTP;VI;23071427;ESCOLA MUNICIPAL ISMAEL PORDEUS;AV. DES. FAUSTINO ALBUQUERQUE, 511;JARDIM DAS OLIVEIRAS;60821440;-3.7840477948964075;-38.498528594850114
334;518;EMTP;VI;23256478;ESCOLA MUNICIPAL JOSE SOBREIRA DE AMORIM;RUA TENENTE TITO BARROS, 330;CAJAZEIRAS;60864300;-3.7977281875390094;-38.51173025855811
335;519;EMTP;VI;23256591;ESCOLA MUNICIPAL MARIA DE LOURDES;RUA LUIS MENDES, 174;CIDADE DOS FUNCIONÁRIOS;60823080;-3.7875461986809342;-38.50940126745925
336;520;EMTP;VI;23073543;ESCOLA MUNICIPAL MARIA DE LOURDES RIBEIRO JEREISSATI;RUA REINO UNIDO, 115;JARDIM DAS OLIVEIRAS;60820140;-3.783082921354612;-38.50313062424229
337;521;EMTP;VI;23068175;ESCOLA MUNICIPAL PROFESSORA EDITH BRAGA;RUA CAPITÃO VASCONCELOS, 1061;AEROLÂNDIA;60850680;-3.7711170727920402;-38.51571500348243
338;523;EMTP;VI;23065192;ESCOLA MUNICIPAL ANGELICA GURGEL;RUA DOUTOR PERGENTINO MAIA, 375;MESSEJANA;60840045;-3.8304964492183395;-38.4921833804392
339;524;EMTP;VI;23065834;ESCOLA MUNICIPAL BARBARA DE ALENCAR;RUA CAPITÃO PORFÍRIO, 544;PARQUE SANTA MARIA;60873135;-3.8534178278618008;-38.50079268278149
340;527;EMTP;VI;23067829;ESCOLA MUNICIPAL DEMOCRITO ROCHA;RUA PADRE PEDRO DE ALENCAR, 2012;PARQUE SANTA MARIA;60873082;-3.8455711448996377;-38.495025767222856
341;529;EMTP;VI;23235128;ESCOLA MUNICIPAL ISABEL FERREIRA;RUA ISABEL FERREIRA, 1000;LAGOA REDONDA;60831525;-3.83095663825826;-38.46737542820156
342;530;EMTP;VI;23071796;ESCOLA MUNICIPAL JOAO GERMANO DA PONTE NETO;RUA MAÍZA, 549;CONJUNTO PALMEIRAS;60870250;-3.848392028612183;-38.52773254526526
343;531;EMTP;VI;23546018;ESCOLA MUNICIPAL JOAO NOGUEIRA JUCA;RUA B, 10 (LOTEAMENTO ESPLANADA MESSEJANA);COAÇU;60872110;-3.8473451225945894;-38.476104126860974
344;532;EMTP;VI;23235373;ESCOLA MUNICIPAL JOAO SARAIVA LEAO;AV. PROFESSOR JOSÉ ARTHUR DE CARVALHO, 50;GUAJERU;60831370;-3.8261959074429543;-38.47748840120164
345;535;EMTP;VI;23186771;ESCOLA MUNICIPAL JOSE MOREIRA LEITAO;RUA HONORINO MAIA, 467;PARQUE SANTA MARIA;60873000;-3.851441081321958;-38.50236386772009
346;536;EMTP;VI;23078693;ESCOLA MUNICIPAL JOSEFA BARROS DE ALENCAR;RUA DOUTOR JOAQUIM BENTO, 590;MESSEJANA;60840200;-3.8285945772526353;-38.48625777806344
347;541;EMTP;VI;23074124;ESCOLA MUNICIPAL MARTHA DOS MARTINS COELHO GUILHERME;RUA 313, 243 (CONJUNTO SÃO CRISTÓVÃO);JANGURUSSU;60866370;-3.839077559828077;-38.52350811944495
348;544;EMTP;VI;23074582;ESCOLA MUNICIPAL PARQUE SAO MIGUEL;RUA LOURDES VIDAL ALVES, 444;LAGOA REDONDA;60831160;-3.8215678855240074;-38.47248128931449
349;546;EMTP;VI;23263075;ESCOLA MUNICIPAL PROFESSOR CLODOMIR TEOFILO GIRAO;TRAV. RÚTILO, 108;MESSEJANA;60841645;-3.820958113880196;-38.489277806365905
350;547;EMTP;VI;23070013;ESCOLA MUNICIPAL PROFESSOR FRANCISCO DE MELO JABORANDI;AV. GOVERNADOR LEONEL BRIZOLA, 198;JANGURUSSU;60866190;-3.831360741282121;-38.51870169903855
351;551;EMTP;VI;23256460;ESCOLA MUNICIPAL PROFESSORA MARIA DO SOCORRO FERREIRA VIRINO;RUA MODESTA, 44;CONJUNTO PALMEIRAS;60870140;-3.8457593088193613;-38.52306930407403
352;552;EMTP;VI;23323469;ESCOLA MUNICIPAL PROFESSORA RAIMUNDA FELIX DE ALCANTARA;AV. MEM DE SÁ, 384;MESSEJANA;60841130;-3.8254967309694674;-38.48544329100339
353;555;EMTP;VI;23077794;ESCOLA MUNICIPAL TAIS MARIA BEZERRA NOGUEIRA;AV. GOVERNADOR LEONEL BRIZOLA, 710;JANGURUSSU;60866190;-3.8310344864464008;-38.52396406580552
354;558;EMTP;VI;23256001;ESCOLA MUNICIPAL LIONS CLUBE FORTALEZA FATIMA;TV. LIONS CLUBE, 141;JANGURUSSU;60865415;-3.8385343863138526;-38.51371231979918
355;561;EMTI;VI;23070846;ESCOLA MUNICIPAL DE TEMPO INTEGRAL GUIOMAR DA SILVA ALMEIDA;RUA PEROLINA DE MORAIS, 449;PAUPINA;60873810;-3.867299910159791;-38.49402048740703
356;562;EMTI;VI;23272007;ESCOLA MUNICIPAL DE TEMPO INTEGRAL MARIA ODETE DA SILVA COLARES;RUA CEL. JOÃO DE OLIVEIRA, 687;MESSEJANA;60841820;-3.82252028312494;-38.487480307160524
357;563;EMTI;VI;23275154;ESCOLA MUNICIPAL DE TEMPO INTEGRAL LAIS RODRIGUES DE ALMEIDA;AVENIDA ODILON GUIMARÃES, 1773;CURIÓ;60844070;-3.8223137338865865;-38.47772851771015
358;565;EMTP;VI;_;ESCOLA MUNICIPAL ROSA DA FONSECA;RUA ALVORADA DA PAZ, 46;JANGURUSSU;60877512;-3.855721119551157;-38.51457406159828
359;566;EMTP;VI;23273763;ESCOLA MUNICIPAL FRANCISCA ORIA SERPA II;ROD. ANEL VIÁRIO, 2155;ANCURI;60874212;-3.8657432123018416;-38.51319582618408
360;567;EMTP;VI;23277572;ESCOLA MUNICIPAL MAJOR ASTHON GUILHERME DA SILVA;RUA B, 295 (RES. JOSÉ EUCLIDES);JANGURUSSU;60877236;-3.8546809163988063;-38.51897359822444
361;568;ANE;VI;_;ESCOLA MUNICIPAL SINO PINHEIRO - UND II;RUA 9 , 279 (CONJUNTO JOÃO PAULO II);BARROSO;60863660;-3.826402363790176;-38.5165612216099
362;569;CEI;VI;_;CEI PROFESSORA MARIA EVAN DO CARMO;RUA MATEUS ALMEIDA, 71;JOSÉ DE ALENCAR;60830455;-3.8160215666153543;-38.476788830662585
363;571;CEI;VI;_;CEI MARIA DE LOURDES RIBEIRO JEREISSATI;RUA 1 (LOT. PARQUE VERDE), 930;JARDIM DAS OLIVEIRAS;60821210;-3.7840509646791154;-38.50370636117592
364;572;CEI;VI;_;CEI PROFESSORA EDITH BRAGA;RUA CAPITÃO VASCONCELOS, 1061;AEROLÂNDIA;60850680;-3.7711170727920402;-38.51571500348243
365;577;CEI;VI;_;CEI HUMBERTO TEIXEIRA;RUA FRANCISCO COSTA, 162;JANGURUSSU;60865220;-3.842309833755765;-38.51472963269819
366;579;CEI;VI;_;CEI JOAO SARAIVA LEAO;RUA ANTÔNIO CANDEIA, 89;GUAJERU;60843230;-3.8288231768867167;-38.48011648138117
367;586;CEI;VI;_;CEI PARQUE SAO MIGUEL;TRAV. SILVEIRA DA MOTA, 105;LAGOA REDONDA;60831163;-3.8223861877027754;-38.471086799292074
368;587;CEI;VI;_;CEI PROFESSOR ANISIO TEIXEIRA;RUA GUARANI, 355;PAUPINA;60873530;-3.8587808924522955;-38.493006608015115
369;588;CEI;VI;_;CEI PROFESSOR FRANCISCO DE MELO JABORANDI;AV. GOVERNADOR LEONEL BRIZOLA, 198A;JANGURUSSU;60866190;-3.831360741282121;-38.51870169903855
370;590;CEI;VI;_;CEI PROFESSORA FERNANDA MARIA ALENCAR COLARES;RUA RAQUEL FLORÊNCIO, 351;LAGOA REDONDA;60832140;-3.8265839765320075;-38.457979158126314
371;591;CEI;VI;_;CEI PROFESSORA MARIA DO SOCORRO FERREIRA VIRINO;AV. VALPARAISO, 339;CONJUNTO PALMEIRAS;60870440;-3.846137474850775;-38.52358643220635
372;606;CRP;VI;_;CRECHE BEM ESTAR COMUNITARIO;RUA FREI CANECA, 299;JARDIM DAS OLIVEIRAS;60820000;-3.7860423745593503;-38.50684172516212
373;608;CRP;VI;_;CRECHE JARDIM ENCANTADO;RUA OZÉLIA PONTES, 187;JOSÉ DE ALENCAR;60830395;-3.8184027850180993;-38.477216176210646
374;609;CRP;VI;_;CRECHE CUIDANDO E ENSINANDO;RUA JOSÉ DOS REIS CARVALHO, 64 (RES. ALDEMIR MARTINS);JANGURUSSU;60877486;-3.853791129791738;-38.512377712544705
375;613;CRP;VI;_;CRECHE FAZENDO A DIFERENCA (ABFD);RUA MUTAMBA, 175B;JANGURUSSU;60865210;-3.841347838404177;-38.51349331021774
376;614;CRP;VI;_;CRECHE SAO JUDAS TADEU;RUA 03, 78 (CONJUNTO JOÃO PAULO II);BARROSO;60863840;-3.822892628193716;-38.5190917170939
377;615;CRP;VI;_;CRECHE SONHO DE CRIANCA 2;RUA IRMÃOS OLÍMPIO, 197;JANGURUSSU;60870630;-3.846683107485781;-38.5112118924362
378;616;CRP;VI;_;CRECHE CASA DO JOAO;RUA SÃO LEOPOLDO, 678;ANCURI;60874170;-3.862763834711032;-38.50465372864008
379;618;CRP;VI;_;CRECHE ACADEMIA DA CRIANCA;RUA GREGÓRIO DE FRANÇA, 174;CAJAZEIRAS;60864400;-3.8051929339580965;-38.50453907073919
380;1;EMTP;I;23067691;ESCOLA MUNICIPAL CRISTO REDENTOR;AV. PASTEUR, 372;CRISTO REDENTOR;60335000;-3.709223747118006;-38.55833685889764
381;7;EMTP;I;23066628;ESCOLA MUNICIPAL CASTELO DE CASTRO;RUA 43, 1531 (CONJUNTO DOS BANCÁRIOS);VILA VELHA;60348340;-3.717897927257181;-38.60059355320434
382;11;EMTP;I;23070021;ESCOLA MUNICIPAL FRANCISCO DOMINGOS DA SILVA;AV. PRESIDENTE CASTELO BRANCO, 4707;BARRA DO CEARÁ;60312060;-3.706275664133177;-38.57429005139242
383;32;EMTP;I;23263318;ESCOLA MUNICIPAL REITOR PEDRO TEIXEIRA BARROSO;AV. FLORÊNCIO DE ALENCAR, 900;BARRA DO CEARÁ;60330055;-3.710368672736108;-38.58605804264251
384;35;EMTP;I;23077450;ESCOLA MUNICIPAL SEBASTIANA ALDIGUERI;RUA DR. THEMBERG, 448;CRISTO REDENTOR;60335480;-3.711980010248709;-38.56405499324392
385;36;EMTP;I;23547987;ESCOLA MUNICIPAL SECRETARIO PAULO PETROLA;RUA MONSENHOR CARNEIRO DA CUNHA, 415;JACARECANGA;60010470;-3.724576921074027;-38.54489454931807
386;37;EMTP;I;23311614;ESCOLA MUNICIPAL TERTULIANO CAMBRAIA;RUA MONSENHOR ROSA, 947;CARLITO PAMPLONA;60310440;-3.712855643032653;-38.55512092207664
387;38;EMTP;I;23256044;ESCOLA MUNICIPAL VIRGILIO TAVORA;AV. MONSENHOR HÉLIO CAMPOS, S/N;CRISTO REDENTOR;60336800;-3.705455218255224;-38.56477107806176
388;41;EMTI;I;23277238;ESCOLA MUNICIPAL DE TEMPO INTEGRAL DEPUTADO ROBERTO MESQUITA;RUA BETA, S/N;VILA VELHA;60349130;-3.713812632570113;-38.60204220975839
389;46;CEI;I;_;CEI MARIA AGLAE GONÇALVES MONTEIRO;RUA CÂNDIDO CASTELO BRANCO, S/N;BARRA DO CEARÁ;60331190;-3.708191433956415;-38.58024409620212
390;48;CEI;I;_;CEI  ALDEIDES REGIS;RUA IRINEU DE SOUSA, 188;CRISTO REDENTOR;60337180;-3.711293615042912;-38.56648739627431
391;49;CEI;I;_;CEI CASIMIRO JOSE DE LIMA FILHO;AV. FRANCISCO SÁ, 6449;BARRA DO CEARÁ;60330878;-3.708954268930952;-38.58176302098754
392;52;CEI;I;_;CEI SECRETARIO PAULO PETROLA;RUA JACINTO DE MATOS, 906;JACARECANGA;60310210;-3.716248237368401;-38.54650991693837
393;54;CEI;I;_;CEI MARIO QUINTANA;RUA TETA, 900;VILA VELHA;60349350;-3.7122056018685816;-38.60412466079106
394;56;CEI;I;_;CEI MARIA ROSELI LIMA MESQUITA;RUA LUIZ GUIMARÃES, 261;FLORESTA;60336305;-3.7226999328841175;-38.57046610417591
395;58;CEI;I;_;CEI RACHEL DE QUEIROZ;TRAV. AURÉLIO LAVÔR, 99;BARRA DO CEARÁ;60312180;-3.706498874214712;-38.57083385743705
396;60;CEI;I;_;CEI TERTULIANO CAMBRAIA;RUA MONSENHOR ROSA, 947;CARLITO PAMPLONA;60310440;-3.712855643032653;-38.55512092207664
397;61;CEI;I;_;CEI VIRGILIO TAVORA;AV. MONSENHOR HÉLIO CAMPOS, S/N;CRISTO REDENTOR;60336800;-3.705455218255224;-38.56477107806176
398;62;CEI;I;_;CEI VILA DO MAR;RUA DR. JOSÉ ROBERTO SALES, S/N;BARRA DO CEARÁ;60332810;-3.6951254282168735;-38.58098452531775
399;63;CEI;I;_;CEI JOAO MARCAL MESQUITA;RUA ROCHA POMBO, S/N;FLORESTA;60336200;-3.720939282443229;-38.57074362837857
400;64;CEI;I;_;CEI MARISTELA DA FROTA CAVALCANTE;AV. L, 1000;VILA VELHA;60348540;-3.713939447754041;-38.600365313980895
401;70;CRP;I;_;CRECHE ARPOADOR;RUA GRITO DE ALERTA, 136;BARRA DO CEARÁ;60332070;-3.703475354101259;-38.57011770762975
402;74;CRP;I;_;CRECHE SONHO INFANTIL 2;RUA RINCÃO, 79;FLORESTA;60340420;-3.723815969994205;-38.5783230879243
403;75;CRP;I;_;CRECHE PEQUENO POLEGAR;RUA MOACIR, 45;BARRA DO CEARÁ;60332650;-3.702089196863634;-38.57890403763339
404;76;CRP;I;_;CRECHE OLHAR DO SABER - VÓ FRANCY;RUA PAULO XENOFONTE, 1037;VILA VELHA;60345156;-3.720112741361439;-38.60468759710149
405;82;EMTP;II;23547995;ESCOLA MUNICIPAL DOM ALOISIO LORSCHEIDER;RUA JULIO SILVA, 400;PRAIA DO FUTURO I;60177385;-3.7462549953471154;-38.45639996624385
406;93;EMTP;II;23198818;ESCOLA MUNICIPAL MARIA FELICIO LOPES;RUA JOSÉ SETUBAL PESSOA, 480;CAIS DO PORTO;60180560;-3.721532655750252;-38.47123555767877
407;98;EMTP;II;23325216;ESCOLA MUNICIPAL PROFESSOR MANUEL EDUARDO PINHEIRO CAMPOS;RUA MIRIÚ, 500;EDSON QUEIROZ;60836050;-3.791118091637984;-38.4455425327954
408;100;EMTP;II;23064854;ESCOLA MUNICIPAL PROFESSORA AIDA SANTOS E SILVA;AV. TRAJANO DE MEDEIROS, 813;VICENTE PINZÓN;60182185;-3.728171931239184;-38.46550580707351
409;105;EMTP;II;23073608;ESCOLA MUNICIPAL PROFESSORA MARIA GONDIM DOS SANTOS;TRAV. GUARANI, 620;PAPICU;60175790;-3.737611866652502;-38.477844671539934
410;108;EMTP;II;23078596;ESCOLA MUNICIPAL WASHINGTON SOARES;RUA DO CORRENTE, 400;EDSON QUEIROZ;60812290;-3.778090508693716;-38.47710460942668
411;109;EMTP;II;23274034;ESCOLA MUNICIPAL JOHNSON;RUA DOUTORA SOCORRO AZEVEDO, 461;ENGENHEIRO LUCIANO CAVALCANTE;60810400;-3.767879218028972;-38.49422493250907
412;111;EMTI;II;23069317;ESCOLA MUNICIPAL DE TEMPO INTEGRAL PROFESSORA ANTONIETA CALS;RUA MONSENHOR SALAZAR, 1480;TAUAPE;60130731;-3.755427437720592;-38.506188596834505
413;113;EMTI;II;23279621;ESCOLA MUNICIPAL DE TEMPO INTEGRAL VEREADOR ALBERTO GOMES DE QUEIROZ;AV. ZEZÉ DIOGO, S/N;CAIS DO PORTO;60180012;-3.716029453965804;-38.46518912057465
414;117;CEI;II;_;CEI DOM ALOISIO LORSCHEIDER;AV. SENADOR CARLOS JEREISSATI, 395;PRAIA DO FUTURO I;60182425;-3.743973580734779;-38.454322310983656
415;121;CEI;II;_;CEI MARIA FELICIO LOPES;RUA JOSÉ SETUBAL PESSOA, 480;CAIS DO PORTO;60180560;-3.721532655750252;-38.47123555767877
416;123;CEI;II;_;CEI WILMA MARIA DE VASCONCELOS LEOPÉRCIO;RUA DR. FRANCISCO MATOS, S/N;PAPICU;60176135;-3.7438399422111135;-38.469142005170944
417;124;CEI;II;_;CEI PROFESSOR FRANCISCO MAURICIO DE MATTOS DOURADO;RUA B, 50 (LOTEAMENTO PARQUE AMARALINA);EDSON QUEIROZ;60813020;-3.782968042625501;-38.46917108988166
418;125;CEI;II;_;CEI PROFESSOR MANUEL EDUARDO PINHEIRO CAMPOS;RUA MIRIÚ, 500;EDSON QUEIROZ;60836050;-3.791118091637984;-38.4455425327954
419;128;CEI;II;_;CEI PROFESSORA MARIA ODNILRA CRUZ MOREIRA;RUA VITÓRIA DA CONQUISTA, 1441;MANUEL DIAS BRANCO;60191670;-3.757010936707566;-38.468870764158375
420;129;CEI;II;_;CEI PADRE JOSE NILSON;RUA AÍDA BALAIO, 100;VICENTE PINZÓN;60181274;-3.727107291914111;-38.47829446125695
421;130;CEI;II;_;CEI SAO VICENTE DE PAULO;TRAV. DO ROSÁRIO, 24;ALDEOTA;60135310;-3.744797419037235;-38.49682647380668
422;131;CEI;II;_;CEI ANTONIA AGOSTINHO DE SOUSA;RUA TUIUIÚ, S/N;EDSON QUEIROZ;60812566;-3.7722446102788014;-38.4706086302207
423;132;CEI;II;_;CEI DEPUTADO EDSON QUEIROZ FILHO;RUA JAIME ALMEIDA, S/N;EDSON QUEIROZ;60812740;-3.7742199999160206;-38.4685600122756
424;133;CEI;II;_;CEI RACHEL GUIMARAES MARTINS BARBOSA;VIA LOCAL LESTE OESTE 02, S/N;CAIS DO PORTO;60180754;-3.714463167916829;-38.47222819355371
425;135;CEI;II;_;CEI ESMERINDA SOARES DA SILVA;RUA AURISTELA MAIA FARIAS, S/N;ENGENHEIRO LUCIANO CAVALCANTE;60811100;-3.774609988916019;-38.48483502794284
426;136;CEI;II;_;CEI MARIA FERREIRA DIAS;AV. ZEZÉ DIOGO, S/N;CAIS DO PORTO;60180012;-3.716029453965804;-38.46518912057465
427;142;CRP;II;_;CRECHE CASA DE AFONSO E MARIA;RUA DOS ESTAFETAS, 10;VICENTE PINZÓN;60182105;-3.728209275840124;-38.46737347357689
428;145;CAEE;II;23251433;CENTRO DE INTEGRAÇAO PSICO-SOCIAL DO CEARÁ;RUA OLIVEIRA FILHO, 3320;PRAIA DO FUTURO I;60183600;-3.746963056617878;-38.454234292010895
429;154;EMTP;III;23074140;ESCOLA MUNICIPAL PROFESSOR MARTINZ DE AGUIAR;RUA BERNARDO PORTO, 470;MONTE CASTELO;60320570;-3.722027565223172;-38.55726648986212
430;157;EMTP;III;23257695;ESCOLA MUNICIPAL SANTA LUZIA;RUA CORONEL FRANCISCO BENTO, 16;DOM LUSTOSA;60526328;-3.7500166677637066;-38.59088412420399
431;160;EMTP;III;23065680;ESCOLA MUNICIPAL AUTRAN NUNES;RUA VIRGÍLIO BRANDÃO, S/N;AUTRAN NUNES;60526640;-3.753775283396785;-38.5964064205683
432;165;EMTP;III;23067764;ESCOLA MUNICIPAL DONA DAGMAR GENTIL;RUA VITÓRIA, 1740;JOÃO XXIII;60525455;-3.767092828664041;-38.58962483082154
433;167;EMTP;III;23072245;ESCOLA MUNICIPAL JOSE BONIFACIO DE SOUSA;RUA PERNAMBUCO, 600;PICI;60440140;-3.757954008842973;-38.57154348503081
434;172;EMTP;III;23075058;ESCOLA MUNICIPAL NARCISA BORGES;TRAV. COSTA RICA, S/N;PADRE ANDRADE;60360490;-3.739024996170322;-38.57985500645816
435;177;EMTP;III;23184680;ESCOLA MUNICIPAL PROFESSOR DENIZARD MACEDO DE ALCANTARA;RUA MATOSO FILHO, 450;OLAVO OLIVEIRA;60351365;-3.7318048876392647;-38.58905116961758
436;185;EMTI;III;23264780;ESCOLA MUNICIPAL DE TEMPO INTEGRAL PROFESSOR JOSE JULIO DA PONTE;RUA MÁRIO DE ANDRADE, S/N;BELA VISTA;60442132;-3.753033798990206;-38.55962366713311
437;187;EMTP;III;23234407;ESCOLA MUNICIPAL JOSE BATISTA DE OLIVEIRA;RUA GOIÁS, S/N;PANAMERICANO;60441005;-3.757038835022342;-38.564872595672384
438;190;EMTP;III;23069945;ESCOLA MUNICIPAL GOVERNADOR FAUSTINO DE ALBUQUERQUE;RUA 143, 155;CONJUNTO CEARÁ II;60530210;-3.7710786569396495;-38.60855358846217
439;195;EMTP;III;23271531;ESCOLA MUNICIPAL MANOEL CAETANO DE SOUZA;RUA N.S. DAS GRAÇAS, 123;GENIBAÚ;60535135;-3.762576437775252;-38.59642574272267
440;197;EMTP;III;23072180;ESCOLA MUNICIPAL PADRE ARIMATEIA DINIZ;RUA 810, S/N;CONJUNTO CEARÁ I;60532150;-3.766761274116326;-38.60831917071721
441;199;EMTP;III;23069350;ESCOLA MUNICIPAL PROFESSOR JOSE MILITAO DE ALBUQUERQUE;RUA 1145, 14;CONJUNTO CEARÁ I;60533470;-3.759795083421261;-38.61025941121338
442;200;EMTI;III;23069015;ESCOLA MUNICIPAL DE TEMPO INTEGRAL PROFESSOR ADEMAR NUNES BATISTA;RUA 1159 , 100;CONJUNTO CEARÁ I;60533540;-3.76261320401487;-38.61117542393161
443;202;EMTI;III;23277246;ESCOLA MUNICIPAL DE TEMPO INTEGRAL MARIA DA HORA;RUA RAIMUNDO RIBEIRO, S/N;AUTRAN NUNES;60526500;-3.754749979925621;-38.59510740781408
444;203;CAEE;III;_;ASSOCIACAO DOS CEGOS DO ESTADO DO CEARA;RUA ODILON SOARES, 39;FARIAS BRITO;60010820;-3.729917085323647;-38.54171391158536
445;204;CEI;III;_;CEI PROFESSOR MARTINZ DE AGUIAR;RUA BERNARDO PORTO, 490;MONTE CASTELO;60320570;-3.722720829534489;-38.55714610828549
446;206;CEI;III;_;CEI DOM JOSE TUPINAMBA DA FROTA;RUA RIO GRANDE DO SUL, S/N;BELA VISTA;60441145;-3.7511835962845073;-38.562419095027145
447;207;CEI;III;_;CEI JOAQUIM NOGUEIRA;RUA SÃO VICENTE DE PAULA, 250A;ANTÔNIO BEZERRA;60352370;-3.738965591760645;-38.59746558360658
448;210;CEI;III;_;CEI MURILO SERPA - UND II;AV. CORONEL MATOS DOURADO, S/N;PICI;60511745;-3.7467713686704034;-38.58473081206107
449;214;CEI;III;_;CEI SAO CARLOS;RUA DOS PESCADORES, 188;QUINTINO CUNHA;60352640;-3.732287529377173;-38.60179634123775
450;216;CEI;III;_;CEI ALTAMIR FERNANDES CORREA LEITE;TRAV. QUÊNIA, 50;PADRE ANDRADE;60360436;-3.7398533801887113;-38.58164627685649
451;217;CEI;III;_;CEI JOSE BATISTA DE OLIVEIRA;RUA MINAS GERAIS, S/N;PANAMERICANO;60441035;-3.7560713973226503;-38.565075506515846
452;220;CEI;III;_;CEI MARIA TEREZINHA DE CARVALHO HOLANDA;AV I, S/N;GENIBAÚ;60533671;-3.767624760775239;-38.59702967693499
453;221;CEI;III;_;CEI JORNALISTA NENO CAVALCANTE;RUA 725, S/N;CONJUNTO CEARÁ II;60531740;-3.771465355882518;-38.60383401526398
454;222;CEI;III;_;CEI ANTONIA NATHALIA CRISTINA CHAVES MACIEL;RUA 910, S/N;CONJUNTO CEARÁ II;60532510;-3.7748633990118647;-38.61814977205716
455;223;CEI;III;_;CEI ANTÔNIO VALDINAR DE CARVALHO CUSTÓDIO;RUA 202, S/N;CONJUNTO CEARÁ I;60530260;-3.7662242880343264;-38.60947205404587
456;224;CEI;III;_;CEI FRANCISCO EURIVA MATIAS;RUA FREI MARCELINO, S/N;RODOLFO TEÓFILO;60431006;-3.747294803916233;-38.55565106064657
457;225;CEI;III;_;CEI MARIA DA CONCEIÇÃO HOLANDA CAVALCANTE;RUA JOCKEY CLUB, S/N;HENRIQUE JORGE;60510325;-3.761420693362428;-38.58123908540057
458;227;CRP;III;_;CRECHE VÓ MARIA DA PENHA;QUADRA E, 136 (CONJUNTO CASTELO BRANCO);PRESIDENTE KENNEDY;60357240;-3.729617965281775;-38.56958637878751
459;240;CRP;III;_;CRECHE NOSSA SENHORA DE FATIMA;RUA 1107, S/N;CONJUNTO CEARÁ I;60533270;-3.7635545044744023;-38.61197789427586
460;242;CRP;III;_;CRECHE TIA NEIDE;RUA 448F, S/N;CONJUNTO CEARÁ I;60531240;-3.761175486736439;-38.6055201500653
461;243;CRP;III;_;CRECHE PARAISO;RUA BENJAMIN CONSTANT, 497;PICI;60441410;-3.748933390597333;-38.56851450100938
462;252;EMTP;IV;23264179;ESCOLA MUNICIPAL ADALBERTO STUDART FILHO;RUA DO CAMPO, 25;PLANALTO AYRTON SENNA;60766395;-3.835024929644383;-38.5749474588436
463;254;EMTP;IV;23066660;ESCOLA MUNICIPAL CATULO DA PAIXAO CEARENSE;RUA LEÃO DO NORTE, 300;VILA PERI;60730010;-3.7835517403593175;-38.57774691590003
464;255;EMTP;IV;23075155;ESCOLA MUNICIPAL CLAUDIO MARTINS;RUA BARÃO DE CANINDÉ, S/N;ITAOCA;60421106;-3.770478172134694;-38.55744594207255
465;256;EMTP;IV;23073934;ESCOLA MUNICIPAL DOM MANOEL DA SILVA GOMES;RUA SAMUEL UCHÔA, 550;JARDIM AMÉRICA;60416205;-3.754678263214725;-38.54538304663513
466;257;EMTP;IV;23070056;ESCOLA MUNICIPAL FRANCISCO NUNES CAVALCANTE;RUA POETA MÁRIO LINHARES, 561;PREFEITO JOSÉ WALTER;60750160;-3.822191773428514;-38.55551223225845
467;264;EMTP;IV;23234423;ESCOLA MUNICIPAL MARIA DE CARVALHO MARTINS;AV. DOUTOR SILAS MUNGUBA, 4300;ITAPERI;60714502;-3.791365769594648;-38.53749961524155
468;269;EMTP;IV;23256486;ESCOLA MUNICIPAL PADRE FELICE PISTONE;RUA JÚLIO CÉSAR, 1810;DAMAS;60425236;-3.757183823621449;-38.54900235242629
469;271;EMTP;IV;23072563;ESCOLA MUNICIPAL PROFESSOR JOSE VALDEVINO DE CARVALHO;RUA GUARÁ, S/N;PARANGABA;60740140;-3.776374987222432;-38.5589549823473
470;272;EMTP;IV;23257059;ESCOLA MUNICIPAL PROFESSORA IRENE DE SOUZA PEREIRA;RUA F, S/N (LOT. EDITH BARREIRA BRAGA);PLANALTO AYRTON SENNA;60766045;-3.829383740138023;-38.56910535149596
471;277;EMTP;IV;23077131;ESCOLA MUNICIPAL ROGACIANO LEITE;RUA 45, S/N;PREFEITO JOSÉ WALTER;60750590;-3.832754131071067;-38.55711125937216
472;281;EMTP;IV;23078553;ESCOLA MUNICIPAL WALDEMAR BARROSO;RUA CÔNEGO LIMA SUCUPIRA, 410;SERRINHA;60741255;-3.778728323252076;-38.54881785691785
473;286;EMTP;IV;23330015;ESCOLA MUNICIPAL MARIA MARQUES CEDRO;RUA DO SOL, 285;PLANALTO AYRTON SENNA;60766160;-3.829181734570781;-38.57254421616714
474;289;EMTI;IV;23078740;ESCOLA MUNICIPAL DE TEMPO INTEGRAL DIOGO VITAL DE SIQUEIRA;AV. L, S/N;PREFEITO JOSÉ WALTER;60750110;-3.836400098821805;-38.55910530326498
475;291;EMTI;IV;23259540;ESCOLA MUNICIPAL DE TEMPO INTEGRAL PROFESSOR EDGAR LINHARES LIMA;RUA SANTA RITA, S/N;PLANALTO AYRTON SENNA;60760675;-3.839305759227729;-38.57092827830717
476;295;EMTP;IV;23272694;ESCOLA MUNICIPAL DELMA HERMINIA DA SILVA PEREIRA;AV. PRESIDENTE COSTA E SILVA, 5606;PASSARÉ;60750022;-3.828543114396063;-38.53059410049141
477;296;EMTP;IV;23250550;ESCOLA MUNICIPAL FRANCISCO ANDRADE TEOFILO GIRAO;RUA UNIDOS VENCEREMOS, 2040;PASSARÉ;60860096;-3.817494679797385;-38.52198032526549
478;298;EMTP;IV;23324252;ESCOLA MUNICIPAL INFANTE ROSALINA RODRIGUES;AV. 02, 700 (LOT. AV. DOS EXPEDICIONÁRIOS);PARQUE DOIS IRMÃOS;60745510;-3.7970699867805218;-38.5508799979995
479;302;EMTP;IV;23250666;ESCOLA MUNICIPAL RAIMUNDO DE MOURA MATOS;AV. DOIS DE MAIO, 1300;PASSARÉ;60867105;-3.813637953164805;-38.53818349472162
480;307;CEI;IV;_;CEI MOZART PINTO;TRAV. SALGADINHO, 18A;JARDIM AMÉRICA;60410480;-3.7533819667931447;-38.53833416787848
481;308;CEI;IV;_;CEI PROFESSOR ERASMO DA SILVA PITOMBEIRA;RUA E, S/N (LOT. AV. DOS EXPEDICIONÁRIOS);PARQUE DOIS IRMÃOS;60745560;-3.7970699867805218;-38.5508799979995
482;309;CEI;IV;_;CEI JORNALISTA IVONETE MAIA;RUA MANOEL DE AGUIAR PONTES, 1525;BOA VISTA/CASTELÃO;60867695;-3.808457631543509;-38.516090070531206
483;312;CEI;IV;_;CEI TEODORA MARIA DA SILVA;RUA QUATRO IRMÃOS, S/N;BOA VISTA/CASTELÃO;60861045;-3.794081686644551;-38.516222852633405
484;313;CEI;IV;_;CEI AUDIFAX RIOS;RUA CAPRICHO, S/N;DIAS MACÊDO;60860450;-3.788209028285999;-38.525411227057305
485;314;CEI;IV;_;CEI PROFESSOR CARLOS ROBERTO MARTINS RODRIGUES;RUA 16C, S/N;PREFEITO JOSÉ WALTER;60748445;-3.840399999999931;-38.56221999999997
486;315;CEI;IV;_;CEI PROFESSOR GENUINO FRANCISCO DE SALES;RUA 12H, S/N (LOT. CIDADE JARDIM FORTALEZA);PREFEITO JOSÉ WALTER;60749022;-3.840399999999931;-38.56221999999997
487;318;CEI;IV;_;CEI FILGUEIRAS LIMA;AV. BORGES DE MELO, 100;JARDIM AMÉRICA;60415585;-3.752759729460784;-38.5385004241322
488;320;CEI;IV;_;CEI MADRE TERESA DE CALCUTA;RUA CAPITÃO BATISTA, S/N;FÁTIMA;60415255;-3.7575549111606574;-38.52669361601595
489;322;CEI;IV;_;CEI MARIA DE CARVALHO MARTINS;RUA GIRASSOL, 649;ITAPERI;60714445;-3.793329984784741;-38.53856000981227
490;323;CEI;IV;_;CEI ANA AMELIA BEZERRA DE MENEZES E SOUSA;RUA G, S/N (LOT. DOS EXPEDICIONARIOS II);DENDÊ;60714710;-3.7970248677176808;-38.55102046208941
491;326;CEI;IV;_;CEI PAPA JOAO XXIII;RUA TREZE DE ABRIL, 595 A;VILA UNIÃO;60411055;-3.763337193902221;-38.53444663315378
492;329;CEI;IV;_;CEI PROJETO NASCENTE;RUA BETEL, S/N;DENDÊ;60714612;-3.7963510347711935;-38.55461066964018
493;330;CEI;IV;_;CEI RACHEL DE QUEIROZ *;RUA 41, S/N;PREFEITO JOSÉ WALTER;60750550;-3.8390744736984743;-38.5604480346482
494;334;CEI;IV;_;CEI MARIA DE CARVALHO MARTINS -UND II;RUA VI, S/N (CONJUNTO OITO DE SETEMBRO);SERRINHA;60744870;-3.7910938728288968;-38.53489267286873
495;335;CEI;IV;_;CEI AUGUSTO PONTES;RUA HOLANDA, S/N;DENDÊ;60712165;-3.799265000875693;-38.5619250259185
496;336;CEI;IV;_;CEI PROFESSORA HELEY DE ABREU SILVA BATISTA;RUA PARAGUAÇU, S/N;SERRINHA;60742755;-3.7860207606058127;-38.53925595365583
497;337;CEI;IV;_;CEI MARIA LETICIA MOTA MOREIRA;RUA 15C, S/N;PREFEITO JOSÉ WALTER;60748444;-3.840399999999931;-38.56221999999997
498;339;CEI;IV;_;CEI INFANTE ROSALINA RODRIGUES;AV. 02, 800 (LOT. AV. DOS EXPEDICIONÁRIOS);PARQUE DOIS IRMÃOS;60745510;-3.7970699867805218;-38.5508799979995
499;341;CEI;IV;_;CEI MARIA DAS DORES DE SOUSA;RUA MARIA MIRTES PEREIRA, 1005;PASSARÉ;60867060;-3.813519287536391;-38.53847320926071
500;342;CEI;IV;_;CEI ARIEVALDO VIANA;RUA CORONEL DE QUEIROZ, S/N;PLANALTO AYRTON SENNA;60760510;-3.8348147915769206;-38.56596649570663
501;343;CEI;IV;_;CEI FRANCISCO SALES FERNANDES;AVENIDA K, S/N;PREFEITO JOSÉ WALTER;60750100;-3.8238178537236034;-38.55389467400762
502;344;CEI;IV;_;CEI VEREADOR FRANCISCO ANTONIO MARTINS NOGUEIRA;RUA RAIMUNDO PINHEIRO, S/N;DENDÊ;60710706;-3.794608098420349;-38.56120778924242
503;345;CEI;IV;_;CEI PETRONILLA  ISONNI;AV. LAURO VIEIRA CHAVES, S/N;AEROPORTO;60422700;-3.7730761608515806;-38.52942859263953
504;346;CEI;IV;_;CEI DOUTOR SAVIO CALDAS DE ALENCAR;RUA E, S/N(LOT. RES. NOVO PASSARÉ);PASSARÉ;60743825;-3.80069521417111;-38.540545916022495
505;350;CRP;IV;_;CRECHE IRMA GIULIANA GALLI;RUA PADRE NÓBREGA, S/N;SERRINHA;60741410;-3.7827685994930658;-38.551032645624126
506;353;CRP;IV;_;CRECHE AMANHECER FELIZ;AV. K, 50;PREFEITO JOSÉ WALTER;60750100;-3.8238178537236034;-38.55389467400762
507;354;CRP;IV;_;CRECHE CRIANCA ESPERANCA 2;RUA DO SOL, 205;PLANALTO AYRTON SENNA;60766160;-3.829523604637709;-38.57188706918745
508;358;CRP;IV;_;CRECHE INES BRASIL;RUA MENOR JERÔNIMO, 105;PASSARÉ;60868714;-3.8144987574208935;-38.53451925568036
509;362;CRP;IV;_;CRECHE TIA LELEU 2;RUA BARBACENA, 297;PARQUE DOIS IRMÃOS;60761210;-3.813533095556063;-38.554984181446464
510;363;CRP;IV;_;CRECHE REGINA DE FATIMA;RUA G, S/N (CONJ. BARROSO II);PASSARÉ;60867320;-3.816856153892533;-38.52794851371973
511;364;CRP;IV;_;CRECHE PRIMEIROS PASSINHOS;RUA PALMEIRAS, 1159;PLANALTO AYRTON SENNA;60766410;-3.838925016563509;-38.56808765067723
512;367;CAEE;IV;23071290;INSTITUTO MOREIRA DE SOUZA;AV. DOUTOR SILAS MUNGUBA, 4241;SERRINHA;60741005;-3.791003880925002;-38.53838130763657
513;376;EMTP;V;23257105;ESCOLA MUNICIPAL HILZA DIOGO CALS;AV. WALDIR DIOGO, 850;NOVO MONDUBIM;60764020;-3.802246862132221;-38.58852260321419
514;377;EMTP;V;23233842;ESCOLA MUNICIPAL JOAO ESTANISLAU FACANHA;RUA 11, S/N (CONJUNTO CAMPO DOS INGLESES);JARDIM CEARENSE;60712300;-3.798879999108088;-38.56264503140126
515;378;EMTP;V;23263130;ESCOLA MUNICIPAL JOAO HILDO DE CARVALHO FURTADO;RUA JUVÊNCIO SALES, S/N;ARACAPÉ;60764600;-3.827299292695029;-38.588923600241245
516;380;EMTP;V;23072202;ESCOLA MUNICIPAL JOSE AYRTON TEIXEIRA;RUA ALFREDO MAMEDE, S/N;NOVO MONDUBIM;60763806;-3.810098221716826;-38.58194580409816
517;381;EMTP;V;23257300;ESCOLA MUNICIPAL MARIA BEZERRA QUEVEDO;RUA 103, 28 (CONJUNTO NOVO MONDUBIM);NOVO MONDUBIM;60764260;-3.808804293097726;-38.58504748645287
518;383;EMTP;V;23256737;ESCOLA MUNICIPAL NOVO RENASCER;RUA LESTE OESTE, 140;MONDUBIM;60762397;-3.8266063080293065;-38.5649859712296
519;384;EMTP;V;23071435;ESCOLA MUNICIPAL PROFESSOR JACINTO BOTELHO;RUA DOUTOR RODRIGO CODES SANDOVAL, 374;MONDUBIM;60711455;-3.8061263429960985;-38.56861793369456
520;385;EMTP;V;23186690;ESCOLA MUNICIPAL PROFESSOR OSMIRIO DE OLIVEIRA BARRETO;RUA 10, S/N (CONJUNTO SÍTIO CORREGO);MONDUBIM;60752110;-3.818590002515627;-38.56549999144184
521;388;EMTI;V;23273747;ESCOLA MUNICIPAL DE TEMPO INTEGRAL PROFESSORA HILDETE BRASIL DE SÁ CAVALCANTE;RUA E, S/N (RES. MARCOS FREIRE);MONDUBIM;60762595;-3.822985863773152;-38.5654912180074
522;391;EMTP;V;23067390;ESCOLA MUNICIPAL CONCEICAO MOURAO;RUA DUAS NAÇÕES, 551;GRANJA PORTUGAL;60545241;-3.7776402773941777;-38.602199598908136
523;399;EMTP;V;23070960;ESCOLA MUNICIPAL HENRIQUETA GALENO;RUA MAJOR MONTENEGRO, 917;MANOEL SÁTIRO;60713520;-3.793612161555156;-38.58045251042599
524;404;EMTP;V;23245182;ESCOLA MUNICIPAL JORNALISTA DEMOCRITO DUMMAR;AV. EUCLIDES PAULINO BARROSO, 2505;CANINDEZINHO;60743630;-3.821326016893088;-38.60726243493058
525;405;EMTP;V;23256796;ESCOLA MUNICIPAL JOSE CARLOS MATOS;RUA ITAJAÍ, 802;GRANJA PORTUGAL;60545290;-3.783401997659072;-38.59572634966846
526;411;EMTP;V;23184914;ESCOLA MUNICIPAL PADRE ANTONIO MONTEIRO DA CRUZ;RUA PEDESTRE XIII, 25 (CONJ. JARDIM FLUMINENSE);CANINDEZINHO;60734290;-3.815024403769069;-38.602836466675065
527;412;EMTP;V;23257725;ESCOLA MUNICIPAL PADRE CICERO ROMAO BATISTA;RUA 114, 460;CONJUNTO ESPERANÇA;60763630;-3.811109055857567;-38.59395324640949
528;413;EMTP;V;23264187;ESCOLA MUNICIPAL PROFESSOR EDILSON BRASIL SOAREZ;RUA LOCAL 11, S/N (CONJUNTO TATU MUNDÉ);SIQUEIRA;60544673;-3.8016986637394248;-38.61436838743715
529;431;EMTI;V;23275146;ESCOLA MUNICIPAL DE TEMPO INTEGRAL PROFESSOR EXPEDITO PARENTE;RUA P, S/N (LOT. PARAÍSO VERDE);SIQUEIRA;60732449;-3.812689030482804;-38.62188927066634
530;433;EMTI;V;;ESCOLA MUNICIPAL DE TEMPO INTEGRAL PASTOR FLORENCIO NUNES NETO;RUA OSÓRIO CORREIA, S/N;PARQUE PRESIDENTE VARGAS;60765515;-3.8231889793788536;-38.597520016937175
531;440;CEI;V;_;CEI FRANCISCA FERNANDES MAGALHAES;RUA TAQUARI, S/N;BONSUCESSO;60541706;-3.780840900500427;-38.58543160732148
532;443;CEI;V;_;CEI HILZA DIOGO CALS;RUA SILVINO, 31;NOVO MONDUBIM;60764045;-3.8035169610842914;-38.58553566742666
533;444;CEI;V;_;CEI JOAO ESTANISLAU FACANHA;RUA HOLANDA, 870;JARDIM CEARENSE;60712165;-3.799359171557879;-38.56191593155355
534;445;CEI;V;_;CEI JOAO HILDO DE CARVALHO FURTADO;AV. C, S/N (CONJUNTO ARACAPÉ);ARACAPÉ;60765052;-3.828552217171414;-38.590869331045134
535;446;CEI;V;_;CEI JOAO HILDO DE CARVALHO FURTADO - UND II;RUA POLIANA, S/N;ARACAPÉ;60764600;-3.8282951943757135;-38.59029541480509
536;447;CEI;V;_;CEI JONATHAN DA ROCHA ALCOFORADO;RUA JACANAUBA, 89;MONDUBIM;60764492;-3.825387223545662;-38.58100471210882
537;448;CEI;V;_;CEI MARIA BEZERRA QUEVEDO;RUA 106, 114 (CONJUNTO NOVO MONDUBIM);NOVO MONDUBIM;60764290;-3.808902689597852;-38.58747947488256
538;451;CEI;V;_;CEI PROFESSOR OSMIRIO DE OLIVEIRA BARRETO;RUA 10, S/N (CONJUNTO SÍTIO CÓRREGO);MONDUBIM;60752110;-3.818590002515627;-38.56549999144184
539;452;CEI;V;_;CEI HENRIQUE VENÂNCIO DA SILVA;RUA OSÓRIO CORREIA, S/N;PARQUE PRESIDENTE VARGAS;60765515;-3.8231889793788536;-38.597520016937175
540;453;CEI;V;_;CEI REITOR ANTONIO MARTINS FILHO;RUA HUMBERTO LOMEU, 1222;GRANJA PORTUGAL;60541112;-3.7817301317081418;-38.60334931880122
541;454;CEI;V;_;CEI REITOR ANTONIO MARTINS FILHO - UND II;RUA HUMBERTO LOMEU, 1220;GRANJA PORTUGAL;60541112;-3.781973553719909;-38.60258266264692
542;456;CEI;V;_;CEI PROFESSORA ANTONIA MARIA DE LIMA;RUA GERALDO BARBOSA, 3923;GRANJA LISBOA;60540344;-3.784287198388886;-38.62710104727929
543;457;CEI;V;_;CEI FLORIVAL ALVES SERAINE;RUA JOSÉ ASSIS DE OLIVEIRA, 1324;CANINDEZINHO;60731452;-3.8070479751597257;-38.60278349304702
544;459;CEI;V;_;CEI NOGUEIRA;RUA P, S/N (LOT. PARAÍSO VERDE);SIQUEIRA;60732449;-3.812689030482804;-38.62188927066634
545;460;CEI;V;_;CEI JOAO MENDES DE ANDRADE;RUA DESCARTES BRAGA, 4222;GRANJA LISBOA;60540096;-3.789372945135512;-38.62983601827992
546;463;CEI;V;_;CEI MARIA DOLORES PETROLA DE MELO JORGE;RUA SARGENTO BARBOSA, 851;GRANJA LISBOA;60540491;-3.7840411663489184;-38.61989119531666
547;469;CEI;V;_;CEI RAIMUNDO MOREIRA SENA;RUA A, 106 (CONJUNTO NOVA RESIDÊNCIA);GRANJA LISBOA;60546100;-3.7962815462594346;-38.61744034039668
548;470;CEI;V;_;CEI ZILDA ARNS NEUMANN;RUA PEDESTRE XIII, 25 (CONJ. JARDIM FLUMINENSE);CANINDEZINHO;60734290;-3.815024403769069;-38.602836466675065
549;471;CEI;V;_;CEI MARIA LUIZA BARBOSA CHAVES;RUA OSCAR FRANÇA, 267;BOM JARDIM;60543366;-3.793711771302926;-38.59432234370032
550;472;CEI;V;_;CEI PROFESSORA MARIA LUIZA MOTA MACHADO;RUA SERENA, S/N;SIQUEIRA;60544785;-3.802565429069239;-38.61981352719515
551;473;CEI;V;_;CEI FRANCISCA DE ABREU LIMA;RUA C, S/N (LOTEAMENTO SIQUEIRA II);SIQUEIRA;60736300;-3.801547724607081;-38.61500729354263
552;474;CEI;V;_;CEI PROFESSOR AGOSTINHO GOSSON;RUA H, S/N ( CONJUNTO NOVA RESIDÊNCIA);GRANJA LISBOA;60546170;-3.797249174419648;-38.61317682805888
553;476;CEI;V;_;CEI MARIA FELIX RODRIGUES;AV C, S/N (CONJ. ARACAPÉ);ARACAPÉ;60765052;-3.828552217171414;-38.590869331045134
554;477;CEI;V;_;CEI  PROFESSOR MIRTON LA MARQUES;RUA JOÃO XXIII, S/N;GRANJA PORTUGAL;60540664;-3.787221516072962;-38.602290680271366
555;481;CRP;V;_;CRECHE PEQUENOS HEROIS;RUA DR. PROCÓPIO, 205;ARACAPÉ;60764605;-3.825688154355468;-38.59040325441882
556;489;CRP;V;_;CRECHE ESPACO DA CRIANCA;RUA BOM JESUS, 2695;GRANJA LISBOA;60540255;-3.7892260792615216;-38.61737881722737
557;490;CRP;V;_;CRECHE JARDIM DA CRIANCA;RUA URUCUTUBA, 1156;BOM JARDIM;60543315;-3.797075273558172;-38.604948516902645
558;492;CRP;V;_;CRECHE MARIA PEQUENA;RUA PARANAGUÁ, 255;CANINDEZINHO;60734155;-3.809912113384324;-38.59809524314387
559;494;CRP;V;_;CRECHE SANTO ANTONIO;RUA JOÃO RAMALHO, 475;PARQUE SÃO JOSÉ;60730290;-3.798255568276281;-38.5907801047856
560;500;CRP;V;_;CRECHE PEQUENO MUNDO DE FLORA;RUA ANTÔNIO NERY, 1350;GRANJA PORTUGAL;60545232;-3.7843478555168746;-38.60202698703098
561;507;CRP;V;_;CRECHE COR DO BRASIL;RUA SÃO FRANCISCO, 21;MONDUBIM;60767500;-3.818492365181532;-38.58604495886574
562;515;CRP;V;_;CRECHE MAE BALBINA;RUA GERALDO BARBOSA, 2968;GRANJA LISBOA;60540342;-3.7866436987121768;-38.61830191622408
563;522;EMTP;VI;23078600;ESCOLA MUNICIPAL YOLANDA QUEIROZ;RUA CAPITÃO ARAGÃO, 864;ALTO DA BALANÇA;60851150;-3.764518652518445;-38.51072319116818
564;525;EMTP;VI;23250623;ESCOLA MUNICIPAL CESAR CALS DE OLIVEIRA NETO;RUA OLÍMPIO RIBEIRO, 20;CONJUNTO PALMEIRAS;60870340;-3.8462799608952736;-38.52299384330218
565;526;EMTP;VI;23070137;ESCOLA MUNICIPAL CONEGO FRANCISCO PEREIRA DA SILVA;RUA LUIZ FRANCISCO XAVIER, 256;PAUPINA;60872508;-3.8419867968116153;-38.486499824320056
566;528;EMTP;VI;23069953;ESCOLA MUNICIPAL FRANCISCA ORIA SERPA;RUA JORGE FIGUEIREDO, 3652;PEDRAS;60874765;-3.8800295413844137;-38.5303314954649
567;533;EMTP;VI;23324260;ESCOLA MUNICIPAL JORNALISTA JOSE BLANCHARD GIRAO DA SILVA;TRAV. MISSIONÁRIO OLIVEIRA, 301;JANGURUSSU;60870603;-3.844083014303482;-38.50621234307493
568;534;EMTP;VI;23250429;ESCOLA MUNICIPAL JOSE BARROS DE ALENCAR;RUA GARDÊNIA, S/N (PARQUE MAMOEIRO);PAUPINA;60872675;-3.838545252851711;-38.490893136100574
569;537;EMTP;VI;23244291;ESCOLA MUNICIPAL MANOELITO GUIMARAES DOMINGUES;RUA ERIBERTO ONOFRE, S/N;ANCURI;60874100;-3.862259863146088;-38.504563041349634
570;538;EMTP;VI;23073535;ESCOLA MUNICIPAL MARIA DE JESUS ORIA ALENCAR;RUA 43, S/N (CONJUNTO SÃO JOÃO);JANGURUSSU;60876660;-3.8586414554118393;-38.51611157720758
571;539;EMTP;VI;23073667;ESCOLA MUNICIPAL MARIA HELENILCE CAVALCANTE LEITE MARTINS;RUA MAÍZA, S/N;CONJUNTO PALMEIRAS;60870250;-3.84773746984324;-38.52816532922037
572;540;EMTP;VI;23074078;ESCOLA MUNICIPAL MARIETA CALS;AV. VALPARAISO, 160;CONJUNTO PALMEIRAS;60870440;-3.83944773633351;-38.53233608019482
573;542;EMTP;VI;23078677;ESCOLA MUNICIPAL MOREIRA DA ROCHA;AV. ODILON GUIMARÃES, 3860;LAGOA REDONDA;60831295;-3.8123620131385634;-38.463419560056806
574;543;EMTP;VI;23078723;ESCOLA MUNICIPAL OTAVIO DE FARIAS;RUA JOÃO FERREIRA, S/N;BARROSO;60862650;-3.81517484607842;-38.50965509547829
575;545;EMTP;VI;23065206;ESCOLA MUNICIPAL PROFESSOR ANISIO TEIXEIRA;RUA SIMÃO SANTOS, S/N;PAUPINA;60875020;-3.8608283345407135;-38.49290633883536
576;548;EMTP;VI;23256605;ESCOLA MUNICIPAL PROFESSORA BERNADETE ORIA DE OLIVEIRA;RUA DOUTOR CODES SANDOVAL, 796;CONJUNTO PALMEIRAS;60870090;-3.839301470944114;-38.527899277279246
577;549;EMTP;VI;23070188;ESCOLA MUNICIPAL PROFESSORA FERNANDA MARIA DE ALENCAR COLARES;AV. PROFº JOSÉ ARTUR DE CARVALHO, 1540;LAGOA REDONDA;60831370;-3.820316192610336;-38.45177386815276
578;550;EMTP;VI;23324279;ESCOLA MUNICIPAL PROFESSORA MARIA ANTONEZIA MEIRELES E SA;RUA CORONEL VIRGÍLIO TÁVORA, 1340;BARROSO;60862715;-3.818307994982244;-38.50548265352683
579;553;EMTP;VI;23078006;ESCOLA MUNICIPAL PROFESSORA TEREZINHA FERREIRA PARENTE;RUA NELSON COELHO, 209;LAGOA REDONDA;60831410;-3.827440831609508;-38.46403057525948
580;554;EMTP;VI;23233800;ESCOLA MUNICIPAL SINO PINHEIRO;RUA 14, 151 (CONJUNTO JOÃO PAULO II);BARROSO;60863770;-3.8243699545938874;-38.51927010673784
581;556;EMTP;VI;23078162;ESCOLA MUNICIPAL TRISTAO DE ALENCAR;RUA JOSÉ NOGUEIRA, 69;PEDRAS;60874670;-3.888912347141724;-38.511315270074014
582;557;EMTP;VI;23072229;ESCOLA MUNICIPAL VEREADOR JOSE BARROS DE ALENCAR;RUA D, 48 (CONJ. SANTOS DIAS);JANGURUSSU;60870565;-3.845885565432678;-38.50555014726967
583;559;EMTI;VI;23272708;ESCOLA MUNICIPAL DE TEMPO INTEGRAL JOSE CARVALHO;RUA CLODOALDO ARRUDA, 1300;JOSÉ DE ALENCAR;60830295;-3.817509752702444;-38.47574347076944
584;560;EMTI;VI;23065346;ESCOLA MUNICIPAL DE TEMPO INTEGRAL PROFESSOR ANTONIO GIRAO BARROSO;RUA 37, S/N (CONJUNTO SÍTIO SÃO JOÃO);JANGURUSSU;60876601;-3.8484332492681577;-38.51904523566972
585;564;EMTI;VI;23277564;ESCOLA MUNICIPAL DE TEMPO INTEGRAL JOSE AROLDO CAVALCANTE MOTA;RUA F, S/N (LOT. MORUMBI I);BARROSO;60863110;-3.8270247344843744;-38.51854800861442
586;570;CEI;VI;_;CEI PROFESSORA OLINDINA CARVALHO DE MORAIS;RUA 05, 581 (CONJUNTO JOÃO PAULO II);BARROSO;60863800;-3.823969752018403;-38.51972515006021
587;573;CEI;VI;_;CEI AIRTON JOSE VIDAL QUEIROZ;RUA HERMÍNIO BARROSO, S/N;ALTO DA BALANÇA;60851640;-3.76369025753248;-38.51011729536332
588;574;CEI;VI;_;CEI CESAR CALS DE OLIVEIRA NETO;RUA CAMPINENSE, 54;CONJUNTO PALMEIRAS;60870350;-3.846552303920748;-38.52252651868508
589;575;CEI;VI;_;CEI CONEGO FRANCISCO PEREIRA DA SILVA;RUA MARIA DE LOURDES LIMA, 60;SÃO BENTO;60872504;-3.848380177117421;-38.48137002666022
590;576;CEI;VI;_;CEI DOM BEDA PEREIRA DE HOLANDA;RUA MARIA FERREIRA DOS SANTOS, S/N;SÃO BENTO;60875565;-3.852216493314044;-38.47996088616142
591;578;CEI;VI;_;CEI DALILA DELMAS MONTENEGRO;RUA 6, S/N (CONJ. ALTO ALEGRE);SÃO BENTO;60875340;-3.8582250051471543;-38.4870150352302
592;580;CEI;VI;_;CEI JORNALISTA JOSE BLANCHARD GIRAO DA SILVA;TRAV. MISSIONÁRIO OLIVEIRA, 301;JANGURUSSU;60870603;-3.844083014303482;-38.50621234307493
593;581;CEI;VI;_;CEI JOSE MOREIRA LEITAO;RUA PEDRO DE SOUSA, 800;PARQUE SANTA MARIA;60873105;-3.851842877386046;-38.50250542094116
594;582;CEI;VI;_;CEI MARIA DE JESUS ORIA ALENCAR;RUA MULHERES DE AREIA, 61;JANGURUSSU;60877340;-3.8577954653877793;-38.51703854021227
595;583;CEI;VI;_;CEI PROFESSORA LAIS DE SOUSA VIEIRA NOBRE;RUA PEDRO DE SOUZA, S/N;PARQUE SANTA MARIA;60873105;-3.85241850056487;-38.49947875309911
596;584;CEI;VI;_;CEI MARIA HELENILCE CAVALCANTE LEITE MARTINS;RUA MAÍZA, 81;CONJUNTO PALMEIRAS;60870250;-3.84773746984324;-38.52816532922037
597;585;CEI;VI;_;CEI NOSSA SENHORA DE GUADALUPE;RUA LÚCIA HELENA DO NASCIMENTO, 207;CAJAZEIRAS;60864685;-3.8146924004655567;-38.503397331203125
598;589;CEI;VI;_;CEI PROFESSORA BERNADETE ORIA DE OLIVEIRA;RUA JOSÉ LINHARES, 903;CONJUNTO PALMEIRAS;60870040;-3.842634262370813;-38.52329300650529
599;592;CEI;VI;_;CEI PROFESSORA TEREZINHA FERREIRA PARENTE;RUA NELSON COELHO, 209;LAGOA REDONDA;60831410;-3.827440831609508;-38.46403057525948
600;593;CEI;VI;_;CEI PROFESSOR JOSE DE RIBAMAR MORAES;RUA CATOLÉ, S/N (CONJUNTO SÍTIO SÃO JOÃO);JANGURUSSU;60870410;-3.8603944702061;-38.52314374549162
601;594;CEI;VI;_;CEI PROFESSOR JOSE TEODORO SOARES;AV. DAS PALMEIRAS IMPERIAIS, S/N;PEDRAS;60878067;-3.877300347617533;-38.51334647977626
602;595;CEI;VI;_;CEI PROFESSORA LUIZA DE TEODORO VIEIRA;AV. DAS PALMEIRAS IMPERIAIS, S/N;PEDRAS;60878067;-3.877300347617533;-38.51334647977626
603;596;CEI;VI;_;CEI PROF ANA MARIA MEDEIROS DA FONSECA;AV. DEP. CASTELO DE CASTRO, S/N;CONJUNTO PALMEIRAS;60870066;-3.8475983802113816;-38.52232987503343
604;597;CEI;VI;_;CEI PROFº LAURO DE OLIVEIRA LIMA;RUA 313, S/N;JANGURUSSU;60866370;-3.838764016051357;-38.52387189831819
605;598;CEI;VI;_;CEI PADRE RAIMUNDO LEANDRO DE ARAÚJO;RUA GERARDO LIMA, S/N;LAGOA REDONDA;60831075;-3.824302961241597;-38.46507601587514
606;599;CEI;VI;_;CEI MANOEL PINHEIRO DOS SANTOS;RUA MAJOR LADISLAU LOURENÇO, S/N;JANGURUSSU;60870760;-3.838780016563263;-38.50273500126913
607;600;CEI;VI;_;CEI PADRE JOSE MARIA CAVALCANTE COSTA;RUA F, S/N (RES. GUAJERÚ);GUAJERU;60843035;-3.836381860265521;-38.47823403348146
608;601;CEI;VI;_;CEI OLINDA MARIA FEITOSA PARENTE;TRAVESSA SIMEÃO, S/N;LAGOA REDONDA;60832170;-3.825396449612468;-38.45792060184683
609;602;CEI;VI;_;CEI PROFESSORA MARIA ROZANI MENDONÇA NOBRE;RUA ESCRITOR TOM JOBIM, S/N;BARROSO;60863545;-3.824161054494681;-38.51409611964487
610;603;CEI;VI;_;CEI IRMA ZEFERINA MARIA;RUA CEL. JOÃO DE OLIVEIRA, S/N;MESSEJANA;60841400;-3.8229913418807104;-38.48699768147985
611;604;CEI;VI;_;CEI PEDRO FERREIRA MESQUITA;VIA PROJETADA 4, S/N (RES. LUIZ GONZAGA);JANGURUSSU;60877523;-3.856673412686297;-38.510117290944336
612;605;CRP;VI;_;CRECHE ARCA DOS SONHOS;RUA FLORESTA, 180;ANCURI;60874160;-3.86096667555571;-38.504564953827554
613;607;CRP;VI;_;CRECHE CANTINHO FELIZ II;RUA DA ESPERANÇA, 340;JARDIM DAS OLIVEIRAS;60821060;-3.782490537566636;-38.50428179385523
614;610;CRP;VI;_;CRECHE NOVA ESPERANCA;RUA B, 611;GUAJERU;60843165;-3.832733688798151;-38.47869268547678
615;611;CRP;VI;_;CRECHE POR-DO-SOL;RUA ZUMBI, 430;COAÇU;60872405;-3.849494324194269;-38.47381763467022
616;612;CRP;VI;_;CRECHE SANTA LUZIA;RUA LUÍS BENTO, 290;PEDRAS;60874620;-3.8862774723227536;-38.50762717962388
617;617;CRP;VI;_;CRECHE NUCLEO DE VIDA;RUA 5, 350 (CONJUNTO JOÃO PAULO II);BARROSO;60863800;-3.8240147912055096;-38.51803909918205
618;619;CRP;VI;_;CRECHE UNIAO DA PAUPINA;RUA LUIZ FRANCISCO XAVIER, 1113;PAUPINA;60872508;-3.849699505464331;-38.48773023518431
